Home_Elo,Away_Elo,Elo_Difference,Home_WinRate_Post2022,Away_WinRate_Post2022,WinRate_Difference,Home_WC_Titles,Away_WC_Titles,Title_Difference,Home_Squad_Form_Sharpness,Away_Squad_Form_Sharpness,Player_Form_Difference,Neutral_Venue,Match_Result
2060.0,1810.0,250.0,1.0,0.0,1.0,0,0,0,9.73423076923077,7.837307692307693,1.896923076923077,1,1
1830.0,1660.0,170.0,0.5,0.0,0.5,0,0,0,8.509615384615385,5.924615384615384,2.585000000000001,0,1
1850.0,1750.0,100.0,0.33,0.33,0.0,0,0,0,9.121538461538462,8.043076923076923,1.0784615384615392,1,1
1660.0,2020.0,-360.0,0.0,0.67,-0.67,0,0,0,5.924615384615384,9.776153846153846,-3.8515384615384622,1,2
1800.0,1780.0,20.0,0.33,0.5,-0.16999999999999998,0,0,0,8.153461538461539,7.485769230769231,0.6676923076923078,1,2
1840.0,1800.0,40.0,0.67,0.33,0.34,0,0,0,9.64076923076923,8.37076923076923,1.2699999999999996,1,2
1980.0,2060.0,-80.0,0.33,1.0,-0.6699999999999999,0,0,0,9.423461538461538,9.73423076923077,-0.3107692307692318,1,0
1830.0,1800.0,30.0,0.5,0.33,0.16999999999999998,0,0,0,8.509615384615385,8.153461538461539,0.3561538461538465,0,0
1850.0,1660.0,190.0,0.33,0.0,0.33,0,0,0,9.121538461538462,5.924615384615384,3.1969230769230776,1,0
1800.0,1660.0,140.0,0.33,0.0,0.33,0,0,0,8.153461538461539,5.924615384615384,2.2288461538461544,1,2
2060.0,1800.0,260.0,1.0,0.33,0.6699999999999999,0,0,0,9.73423076923077,9.12346153846154,0.6107692307692307,1,0
1980.0,2080.0,-100.0,0.33,0.5,-0.16999999999999998,0,0,0,9.437692307692307,9.02076923076923,0.4169230769230765,0,2
1910.0,2140.0,-230.0,0.5,0.67,-0.17000000000000004,0,1,-1,7.631923076923077,9.739230769230769,-2.1073076923076917,0,2
2080.0,2120.0,-40.0,0.5,1.0,-0.5,1,3,-2,8.685,9.708076923076923,-1.023076923076923,0,2
2140.0,2090.0,50.0,0.67,0.67,0.0,0,2,-2,9.733846153846155,9.792692307692308,-0.05884615384615266,0,1
1800.0,2000.0,-200.0,0.33,1.0,-0.6699999999999999,0,0,0,9.12346153846154,9.767692307692307,-0.6442307692307683,1,1
2000.0,2140.0,-140.0,1.0,0.67,0.32999999999999996,0,5,-5,9.767692307692307,9.793461538461539,-0.025769230769231655,0,2
1780.0,1800.0,-20.0,0.5,0.33,0.16999999999999998,0,0,0,7.785,8.37076923076923,-0.5857692307692304,0,2
1980.0,2140.0,-160.0,0.33,0.67,-0.34,0,0,0,9.437692307692307,9.733846153846155,-0.29615384615384777,0,2
1910.0,2090.0,-180.0,0.5,0.67,-0.17000000000000004,0,2,-2,7.631923076923077,9.792692307692308,-2.1607692307692306,0,2
1750.0,2180.0,-430.0,0.33,1.0,-0.6699999999999999,0,2,-2,7.341923076923076,9.717307692307692,-2.3753846153846156,0,0
2020.0,1840.0,180.0,0.67,0.67,0.0,0,0,0,9.796923076923077,9.64076923076923,0.1561538461538472,0,2
1710.0,1690.0,20.0,0.0,0.0,0.0,0,0,0,5.970769230769231,6.010769230769231,-0.040000000000000036,0,2
1780.0,1910.0,-130.0,0.5,0.5,0.0,0,0,0,7.785,7.631923076923077,0.1530769230769229,0,0
2140.0,1800.0,340.0,0.67,0.33,0.34,5,0,5,9.793461538461539,8.311153846153847,1.4823076923076925,0,1
2090.0,2020.0,70.0,0.67,0.67,0.0,2,0,2,9.792692307692308,9.796923076923077,-0.004230769230769482,0,2
2140.0,1750.0,390.0,0.67,0.33,0.34,0,0,0,9.733846153846155,7.341923076923076,2.391923076923079,0,2
1840.0,1980.0,-140.0,0.67,0.33,0.34,0,0,0,9.64076923076923,9.437692307692307,0.2030769230769227,0,0
1800.0,1890.0,-90.0,0.33,0.0,0.33,0,2,-2,8.064230769230768,7.111923076923077,0.9523076923076914,0,1
1690.0,1660.0,30.0,0.0,0.0,0.0,0,0,0,6.010769230769231,6.035,-0.024230769230769056,0,2
2080.0,2140.0,-60.0,0.5,0.67,-0.17000000000000004,1,5,-4,8.685,9.793461538461539,-1.1084615384615386,0,2
1910.0,2180.0,-270.0,0.5,1.0,-0.5,0,2,-2,7.631923076923077,9.717307692307692,-2.0853846153846147,0,0
1690.0,1810.0,-120.0,0.0,0.0,0.0,0,0,0,6.010769230769231,7.837307692307693,-1.8265384615384619,0,0
1690.0,1660.0,30.0,0.0,0.0,0.0,0,0,0,6.010769230769231,6.035,-0.024230769230769056,0,0
1800.0,1800.0,0.0,0.33,0.33,0.0,0,0,0,8.064230769230768,8.311153846153847,-0.24692307692307836,0,1
1800.0,2140.0,-340.0,0.33,0.67,-0.34,0,1,-1,8.37076923076923,9.739230769230769,-1.3684615384615384,0,2
2180.0,1980.0,200.0,1.0,0.33,0.6699999999999999,2,0,2,9.717307692307692,9.423461538461538,0.29384615384615387,1,2
2020.0,2180.0,-160.0,0.67,1.0,-0.32999999999999996,0,2,-2,9.776153846153846,9.717307692307692,0.058846153846154436,0,0
1810.0,1850.0,-40.0,0.0,0.33,-0.33,0,0,0,7.837307692307693,9.121538461538462,-1.2842307692307688,0,2
2060.0,1800.0,260.0,1.0,0.33,0.6699999999999999,0,0,0,9.73423076923077,8.153461538461539,1.5807692307692314,1,1
1800.0,1800.0,0.0,0.33,0.33,0.0,0,0,0,8.296538461538463,8.064230769230768,0.23230769230769432,0,2
1980.0,1800.0,180.0,0.33,0.33,0.0,0,0,0,9.437692307692307,8.37076923076923,1.0669230769230769,0,1
1660.0,1750.0,-90.0,0.0,0.33,-0.33,0,0,0,5.924615384615384,8.043076923076923,-2.1184615384615384,0,1
1800.0,1800.0,0.0,0.33,0.33,0.0,0,0,0,8.296538461538463,8.064230769230768,0.23230769230769432,0,2
2080.0,2080.0,0.0,0.5,0.5,0.0,0,1,-1,9.02076923076923,8.685,0.3357692307692304,1,1
2140.0,1840.0,300.0,0.67,0.67,0.0,1,0,1,9.739230769230769,9.64076923076923,0.09846153846153882,1,0
1800.0,1800.0,0.0,0.33,0.33,0.0,0,0,0,8.296538461538463,8.064230769230768,0.23230769230769432,0,1
1780.0,1750.0,30.0,0.5,0.33,0.16999999999999998,0,0,0,7.485769230769231,8.043076923076923,-0.5573076923076918,0,2
1850.0,1830.0,20.0,0.33,0.5,-0.16999999999999998,0,0,0,9.121538461538462,8.509615384615385,0.6119230769230768,0,1
2080.0,2090.0,-10.0,0.5,0.67,-0.17000000000000004,1,2,-1,8.685,9.792692307692308,-1.1076923076923073,1,1
2080.0,2090.0,-10.0,0.5,0.67,-0.17000000000000004,0,2,-2,9.02076923076923,9.792692307692308,-0.7719230769230769,1,1
2140.0,2180.0,-40.0,0.67,1.0,-0.32999999999999996,0,2,-2,9.733846153846155,9.717307692307692,0.016538461538463167,0,1
1800.0,1690.0,110.0,0.33,0.0,0.33,0,0,0,8.311153846153847,6.078076923076923,2.233076923076924,0,1
2140.0,2180.0,-40.0,0.67,1.0,-0.32999999999999996,1,2,-1,9.739230769230769,9.717307692307692,0.021923076923076934,1,0
1800.0,1710.0,90.0,0.33,0.0,0.33,0,0,0,8.296538461538463,6.001153846153846,2.2953846153846165,1,1
2140.0,1890.0,250.0,0.67,0.0,0.67,5,2,3,9.793461538461539,7.111923076923077,2.6815384615384623,0,2
2180.0,2080.0,100.0,1.0,0.5,0.5,2,0,2,9.717307692307692,9.02076923076923,0.6965384615384611,1,1
1660.0,1780.0,-120.0,0.0,0.5,-0.5,0,0,0,5.924615384615384,7.485769230769231,-1.5611538461538466,0,2
2000.0,2120.0,-120.0,1.0,1.0,0.0,0,3,-3,9.767692307692307,9.708076923076923,0.05961538461538396,0,0
2020.0,1780.0,240.0,0.67,0.5,0.17000000000000004,0,0,0,9.776153846153846,7.485769230769231,2.2903846153846157,0,1
1750.0,1850.0,-100.0,0.33,0.33,0.0,0,0,0,8.043076923076923,9.121538461538462,-1.0784615384615392,0,2
1690.0,2060.0,-370.0,0.0,1.0,-1.0,0,0,0,6.078076923076923,9.73423076923077,-3.656153846153847,0,0
1800.0,2140.0,-340.0,0.33,0.67,-0.34,0,5,-5,8.064230769230768,9.793461538461539,-1.729230769230771,0,1
2120.0,1800.0,320.0,1.0,0.33,0.6699999999999999,3,0,3,9.708076923076923,8.311153846153847,1.396923076923077,0,1
1690.0,1800.0,-110.0,0.0,0.33,-0.33,0,0,0,6.078076923076923,9.12346153846154,-3.0453846153846165,0,2
1800.0,2000.0,-200.0,0.33,1.0,-0.6699999999999999,0,0,0,8.311153846153847,9.767692307692307,-1.456538461538461,0,2
2140.0,2120.0,20.0,0.67,1.0,-0.32999999999999996,5,3,2,9.793461538461539,9.708076923076923,0.08538461538461561,0,1
1690.0,1800.0,-110.0,0.0,0.33,-0.33,0,0,0,6.078076923076923,8.311153846153847,-2.233076923076924,0,2
2000.0,1890.0,110.0,1.0,0.0,1.0,0,2,-2,9.767692307692307,7.111923076923077,2.6557692307692307,0,1
2060.0,1800.0,260.0,1.0,0.33,0.6699999999999999,0,0,0,9.73423076923077,9.12346153846154,0.6107692307692307,0,1
2120.0,1800.0,320.0,1.0,0.33,0.6699999999999999,3,0,3,9.708076923076923,8.064230769230768,1.6438461538461553,0,2
2090.0,2140.0,-50.0,0.67,0.67,0.0,2,1,1,9.792692307692308,9.739230769230769,0.05346153846153889,0,1
1780.0,1810.0,-30.0,0.5,0.0,0.5,0,0,0,7.785,7.837307692307693,-0.05230769230769283,0,1
1980.0,1910.0,70.0,0.33,0.5,-0.16999999999999998,0,0,0,9.437692307692307,7.631923076923077,1.8057692307692301,0,2
2180.0,2080.0,100.0,1.0,0.5,0.5,2,1,1,9.717307692307692,8.685,1.0323076923076915,0,2
1660.0,1690.0,-30.0,0.0,0.0,0.0,0,0,0,6.035,6.0600000000000005,-0.025000000000000355,1,1
2060.0,1690.0,370.0,1.0,0.0,1.0,0,0,0,9.73423076923077,6.078076923076923,3.656153846153847,0,1
1890.0,1800.0,90.0,0.0,0.33,-0.33,2,0,2,7.111923076923077,8.311153846153847,-1.1992307692307698,0,1
2060.0,1800.0,260.0,1.0,0.33,0.6699999999999999,0,0,0,9.73423076923077,8.311153846153847,1.4230769230769234,1,1
1710.0,1810.0,-100.0,0.0,0.0,0.0,0,0,0,5.970769230769231,7.837307692307693,-1.866538461538462,0,0
1690.0,1760.0,-70.0,0.0,0.0,0.0,0,0,0,6.010769230769231,6.701538461538462,-0.6907692307692308,0,1
1710.0,1850.0,-140.0,0.0,0.33,-0.33,0,0,0,5.970769230769231,9.121538461538462,-3.1507692307692308,0,0
2000.0,1800.0,200.0,1.0,0.33,0.6699999999999999,0,0,0,9.767692307692307,8.064230769230768,1.7034615384615392,0,0
2080.0,2090.0,-10.0,0.5,0.67,-0.17000000000000004,1,2,-1,8.685,9.792692307692308,-1.1076923076923073,0,0
1800.0,2180.0,-380.0,0.33,1.0,-0.6699999999999999,0,2,-2,8.153461538461539,9.717307692307692,-1.5638461538461534,0,2
2120.0,1890.0,230.0,1.0,0.0,1.0,3,2,1,9.708076923076923,7.111923076923077,2.5961538461538467,0,1
1800.0,1690.0,110.0,0.33,0.0,0.33,0,0,0,9.12346153846154,6.078076923076923,3.0453846153846165,0,1
1780.0,2140.0,-360.0,0.5,0.67,-0.17000000000000004,0,1,-1,7.785,9.739230769230769,-1.9542307692307688,0,2
1910.0,1750.0,160.0,0.5,0.33,0.16999999999999998,0,0,0,7.631923076923077,7.341923076923076,0.2900000000000009,0,2
2140.0,2080.0,60.0,0.67,0.5,0.17000000000000004,0,0,0,9.733846153846155,9.02076923076923,0.7130769230769243,0,0
1710.0,1690.0,20.0,0.0,0.0,0.0,0,0,0,5.970769230769231,6.0600000000000005,-0.08923076923076945,1,2
1760.0,1980.0,-220.0,0.0,0.33,-0.33,0,0,0,6.701538461538462,9.423461538461538,-2.7219230769230762,1,0
1980.0,1690.0,290.0,0.33,0.0,0.33,0,0,0,9.423461538461538,6.0600000000000005,3.3634615384615376,1,1
1760.0,1710.0,50.0,0.0,0.0,0.0,0,0,0,6.701538461538462,5.970769230769231,0.7307692307692308,1,2
1810.0,1660.0,150.0,0.0,0.0,0.0,0,0,0,7.837307692307693,6.035,1.8023076923076928,1,1
1980.0,1710.0,270.0,0.33,0.0,0.33,0,0,0,9.423461538461538,5.970769230769231,3.452692307692307,1,2
1760.0,1690.0,70.0,0.0,0.0,0.0,0,0,0,6.701538461538462,6.0600000000000005,0.6415384615384614,1,1
1980.0,1660.0,320.0,0.33,0.0,0.33,0,0,0,9.423461538461538,6.035,3.388461538461538,1,1
1980.0,1760.0,220.0,0.33,0.0,0.33,0,0,0,9.423461538461538,6.701538461538462,2.7219230769230762,1,1
2140.0,2000.0,140.0,0.67,1.0,-0.32999999999999996,5,0,5,9.793461538461539,9.767692307692307,0.025769230769231655,0,1
1800.0,2060.0,-260.0,0.33,1.0,-0.6699999999999999,0,0,0,9.12346153846154,9.73423076923077,-0.6107692307692307,0,2
1750.0,1800.0,-50.0,0.33,0.33,0.0,0,0,0,7.341923076923076,8.296538461538463,-0.9546153846153862,0,0
2140.0,2140.0,0.0,0.67,0.67,0.0,1,0,1,9.739230769230769,9.733846153846155,0.005384615384613767,0,0
1660.0,2020.0,-360.0,0.0,0.67,-0.67,0,0,0,5.924615384615384,9.796923076923077,-3.872307692307693,0,2
2060.0,2120.0,-60.0,1.0,1.0,0.0,0,3,-3,9.73423076923077,9.708076923076923,0.026153846153846416,1,0
1660.0,2020.0,-360.0,0.0,0.67,-0.67,0,0,0,5.924615384615384,9.776153846153846,-3.8515384615384622,0,0
1850.0,2020.0,-170.0,0.33,0.67,-0.34,0,0,0,9.121538461538462,9.776153846153846,-0.6546153846153846,0,2
2060.0,2000.0,60.0,1.0,1.0,0.0,0,0,0,9.73423076923077,9.767692307692307,-0.03346153846153754,1,0
1800.0,1710.0,90.0,0.33,0.0,0.33,0,0,0,8.37076923076923,5.970769230769231,2.3999999999999995,1,2
2020.0,1750.0,270.0,0.67,0.33,0.34,0,0,0,9.776153846153846,8.043076923076923,1.7330769230769238,0,2
2180.0,2090.0,90.0,1.0,0.67,0.32999999999999996,2,2,0,9.717307692307692,9.792692307692308,-0.07538461538461583,0,1
2000.0,1800.0,200.0,1.0,0.33,0.6699999999999999,0,0,0,9.767692307692307,8.296538461538463,1.471153846153845,0,1
1910.0,1780.0,130.0,0.5,0.5,0.0,0,0,0,7.631923076923077,7.785,-0.1530769230769229,0,1
2080.0,2140.0,-60.0,0.5,0.67,-0.17000000000000004,1,1,0,8.685,9.739230769230769,-1.0542307692307684,0,1
2060.0,2140.0,-80.0,1.0,0.67,0.32999999999999996,0,5,-5,9.73423076923077,9.793461538461539,-0.0592307692307692,0,2
1850.0,1780.0,70.0,0.33,0.5,-0.16999999999999998,0,0,0,9.121538461538462,7.485769230769231,1.635769230769231,0,1
2180.0,1980.0,200.0,1.0,0.33,0.6699999999999999,2,0,2,9.717307692307692,9.423461538461538,0.29384615384615387,0,1
2020.0,1660.0,360.0,0.67,0.0,0.67,0,0,0,9.776153846153846,5.924615384615384,3.8515384615384622,0,1
1750.0,1980.0,-230.0,0.33,0.33,0.0,0,0,0,7.341923076923076,9.437692307692307,-2.095769230769231,0,2
1800.0,2140.0,-340.0,0.33,0.67,-0.34,0,5,-5,8.311153846153847,9.793461538461539,-1.4823076923076925,0,1
2080.0,2140.0,-60.0,0.5,0.67,-0.17000000000000004,0,0,0,9.02076923076923,9.733846153846155,-0.7130769230769243,0,2
2140.0,2180.0,-40.0,0.67,1.0,-0.32999999999999996,1,2,-1,9.739230769230769,9.717307692307692,0.021923076923076934,0,1
1890.0,1800.0,90.0,0.0,0.33,-0.33,2,0,2,7.111923076923077,8.064230769230768,-0.9523076923076914,0,0
1660.0,1690.0,-30.0,0.0,0.0,0.0,0,0,0,6.056538461538461,6.078076923076923,-0.021538461538461284,0,2
1660.0,1690.0,-30.0,0.0,0.0,0.0,0,0,0,6.056538461538461,6.078076923076923,-0.021538461538461284,0,2
1750.0,1780.0,-30.0,0.33,0.5,-0.16999999999999998,0,0,0,8.043076923076923,7.485769230769231,0.5573076923076918,0,1
1800.0,1800.0,0.0,0.33,0.33,0.0,0,0,0,8.311153846153847,8.064230769230768,0.24692307692307836,0,1
1850.0,1800.0,50.0,0.33,0.33,0.0,0,0,0,9.121538461538462,9.12346153846154,-0.0019230769230773603,0,1
1690.0,1660.0,30.0,0.0,0.0,0.0,0,0,0,6.078076923076923,6.056538461538461,0.021538461538461284,0,1
2180.0,2080.0,100.0,1.0,0.5,0.5,2,0,2,9.717307692307692,9.02076923076923,0.6965384615384611,0,1
2140.0,1980.0,160.0,0.67,0.33,0.34,1,0,1,9.739230769230769,9.423461538461538,0.3157692307692308,0,1
2020.0,1800.0,220.0,0.67,0.33,0.34,0,0,0,9.796923076923077,8.37076923076923,1.4261538461538468,0,0
1800.0,1810.0,-10.0,0.33,0.0,0.33,0,0,0,9.12346153846154,7.837307692307693,1.2861538461538462,1,1
1690.0,1690.0,0.0,0.0,0.0,0.0,0,0,0,6.0600000000000005,6.010769230769231,0.04923076923076941,0,2
1780.0,2020.0,-240.0,0.5,0.67,-0.17000000000000004,0,0,0,7.485769230769231,9.776153846153846,-2.2903846153846157,0,0
1850.0,1750.0,100.0,0.33,0.33,0.0,0,0,0,9.121538461538462,8.043076923076923,1.0784615384615392,0,1
1690.0,1690.0,0.0,0.0,0.0,0.0,0,0,0,6.010769230769231,6.0600000000000005,-0.04923076923076941,0,2
2080.0,2060.0,20.0,0.5,1.0,-0.5,1,0,1,8.685,9.73423076923077,-1.0492307692307694,0,1
2060.0,1800.0,260.0,1.0,0.33,0.6699999999999999,0,0,0,9.73423076923077,8.296538461538463,1.4376923076923074,1,0
1980.0,1800.0,180.0,0.33,0.33,0.0,0,0,0,9.423461538461538,9.12346153846154,0.29999999999999893,0,1
1800.0,2180.0,-380.0,0.33,1.0,-0.6699999999999999,0,2,-2,8.296538461538463,9.717307692307692,-1.4207692307692295,1,1
1800.0,2140.0,-340.0,0.33,0.67,-0.34,0,5,-5,9.12346153846154,9.793461538461539,-0.6699999999999999,1,2
2120.0,2000.0,120.0,1.0,1.0,0.0,3,0,3,9.708076923076923,9.767692307692307,-0.05961538461538396,0,1
2180.0,2060.0,120.0,1.0,1.0,0.0,2,0,2,9.717307692307692,9.73423076923077,-0.01692307692307793,1,1
1980.0,2140.0,-160.0,0.33,0.67,-0.34,0,5,-5,9.423461538461538,9.793461538461539,-0.370000000000001,0,2
2180.0,2140.0,40.0,1.0,0.67,0.32999999999999996,2,5,-3,9.717307692307692,9.793461538461539,-0.07615384615384713,1,1
1980.0,1800.0,180.0,0.33,0.33,0.0,0,0,0,9.423461538461538,8.296538461538463,1.1269230769230756,0,1
1800.0,2140.0,-340.0,0.33,0.67,-0.34,0,5,-5,8.296538461538463,9.793461538461539,-1.4969230769230766,1,1
1980.0,2180.0,-200.0,0.33,1.0,-0.6699999999999999,0,2,-2,9.423461538461538,9.717307692307692,-0.29384615384615387,0,0
1710.0,1800.0,-90.0,0.0,0.33,-0.33,0,0,0,6.001153846153846,8.296538461538463,-2.2953846153846165,0,0
1800.0,1710.0,90.0,0.33,0.0,0.33,0,0,0,8.296538461538463,6.001153846153846,2.2953846153846165,0,1
2020.0,1850.0,170.0,0.67,0.33,0.34,0,0,0,9.776153846153846,9.121538461538462,0.6546153846153846,0,1
1980.0,1800.0,180.0,0.33,0.33,0.0,0,0,0,9.423461538461538,8.064230769230768,1.35923076923077,0,1
1890.0,2140.0,-250.0,0.0,0.67,-0.67,2,5,-3,7.111923076923077,9.793461538461539,-2.6815384615384623,0,1
2140.0,2060.0,80.0,0.67,1.0,-0.32999999999999996,5,0,5,9.793461538461539,9.73423076923077,0.0592307692307692,1,0
2000.0,1800.0,200.0,1.0,0.33,0.6699999999999999,0,0,0,9.767692307692307,8.311153846153847,1.456538461538461,0,1
1750.0,2020.0,-270.0,0.33,0.67,-0.34,0,0,0,8.043076923076923,9.776153846153846,-1.7330769230769238,0,1
1800.0,2060.0,-260.0,0.33,1.0,-0.6699999999999999,0,0,0,8.064230769230768,9.73423076923077,-1.6700000000000017,1,2
2140.0,1800.0,340.0,0.67,0.33,0.34,5,0,5,9.793461538461539,8.064230769230768,1.729230769230771,1,1
1780.0,1850.0,-70.0,0.5,0.33,0.16999999999999998,0,0,0,7.485769230769231,9.121538461538462,-1.635769230769231,0,2
2060.0,1890.0,170.0,1.0,0.0,1.0,0,2,-2,9.73423076923077,7.111923076923077,2.622307692307693,1,1
2000.0,2060.0,-60.0,1.0,1.0,0.0,0,0,0,9.767692307692307,9.73423076923077,0.03346153846153754,0,1
1710.0,1810.0,-100.0,0.0,0.0,0.0,0,0,0,5.970769230769231,7.837307692307693,-1.866538461538462,0,1
1760.0,1710.0,50.0,0.0,0.0,0.0,0,0,0,6.701538461538462,5.970769230769231,0.7307692307692308,0,0
2140.0,1690.0,450.0,0.67,0.0,0.67,5,0,5,9.793461538461539,6.078076923076923,3.7153846153846164,0,1
1780.0,2020.0,-240.0,0.5,0.67,-0.17000000000000004,0,0,0,7.785,9.796923076923077,-2.011923076923077,0,0
2140.0,1800.0,340.0,0.67,0.33,0.34,5,0,5,9.793461538461539,8.064230769230768,1.729230769230771,0,1
1800.0,2120.0,-320.0,0.33,1.0,-0.6699999999999999,0,3,-3,8.311153846153847,9.708076923076923,-1.396923076923077,0,0
2080.0,2140.0,-60.0,0.5,0.67,-0.17000000000000004,1,0,1,8.685,9.733846153846155,-1.0488461538461546,0,0
1980.0,1800.0,180.0,0.33,0.33,0.0,0,0,0,9.423461538461538,8.296538461538463,1.1269230769230756,0,1
1800.0,1800.0,0.0,0.33,0.33,0.0,0,0,0,8.37076923076923,8.153461538461539,0.21730769230769198,0,1
1810.0,1760.0,50.0,0.0,0.0,0.0,0,0,0,7.837307692307693,6.701538461538462,1.135769230769231,0,1
1690.0,1710.0,-20.0,0.0,0.0,0.0,0,0,0,6.0600000000000005,5.970769230769231,0.08923076923076945,0,1
1760.0,1660.0,100.0,0.0,0.0,0.0,0,0,0,6.701538461538462,6.035,0.6665384615384617,1,1
2090.0,2080.0,10.0,0.67,0.5,0.17000000000000004,2,1,1,9.792692307692308,8.685,1.1076923076923073,0,0
1750.0,1910.0,-160.0,0.33,0.5,-0.16999999999999998,0,0,0,7.341923076923076,7.631923076923077,-0.2900000000000009,0,2
2140.0,1780.0,360.0,0.67,0.5,0.17000000000000004,1,0,1,9.739230769230769,7.785,1.9542307692307688,0,1
2120.0,2140.0,-20.0,1.0,0.67,0.32999999999999996,3,5,-2,9.708076923076923,9.793461538461539,-0.08538461538461561,0,1
1980.0,1750.0,230.0,0.33,0.33,0.0,0,0,0,9.437692307692307,7.341923076923076,2.095769230769231,0,1
2000.0,1800.0,200.0,1.0,0.33,0.6699999999999999,0,0,0,9.767692307692307,8.311153846153847,1.456538461538461,0,2
1660.0,1810.0,-150.0,0.0,0.0,0.0,0,0,0,6.035,7.837307692307693,-1.8023076923076928,0,0
1710.0,1660.0,50.0,0.0,0.0,0.0,0,0,0,5.970769230769231,6.035,-0.06423076923076909,0,2
1710.0,1690.0,20.0,0.0,0.0,0.0,0,0,0,5.970769230769231,6.0600000000000005,-0.08923076923076945,0,2
1760.0,1810.0,-50.0,0.0,0.0,0.0,0,0,0,6.701538461538462,7.837307692307693,-1.135769230769231,0,2
1980.0,1750.0,230.0,0.33,0.33,0.0,0,0,0,9.423461538461538,8.043076923076923,1.3803846153846155,1,0
1660.0,1760.0,-100.0,0.0,0.0,0.0,0,0,0,6.035,6.701538461538462,-0.6665384615384617,1,0
1910.0,1980.0,-70.0,0.5,0.33,0.16999999999999998,0,0,0,7.631923076923077,9.437692307692307,-1.8057692307692301,0,1
2180.0,1780.0,400.0,1.0,0.5,0.5,2,0,2,9.717307692307692,7.485769230769231,2.2315384615384612,0,1
1800.0,2120.0,-320.0,0.33,1.0,-0.6699999999999999,0,3,-3,8.064230769230768,9.708076923076923,-1.6438461538461553,0,2
1890.0,2000.0,-110.0,0.0,1.0,-1.0,2,0,2,7.111923076923077,9.767692307692307,-2.6557692307692307,0,2
1810.0,1660.0,150.0,0.0,0.0,0.0,0,0,0,7.837307692307693,6.035,1.8023076923076928,0,1
1800.0,1890.0,-90.0,0.33,0.0,0.33,0,2,-2,8.311153846153847,7.111923076923077,1.1992307692307698,0,2
2080.0,1800.0,280.0,0.5,0.33,0.16999999999999998,1,0,1,8.685,8.37076923076923,0.31423076923077,0,2
1800.0,1850.0,-50.0,0.33,0.33,0.0,0,0,0,8.153461538461539,9.121538461538462,-0.9680769230769233,0,1
1800.0,2180.0,-380.0,0.33,1.0,-0.6699999999999999,0,2,-2,8.296538461538463,9.717307692307692,-1.4207692307692295,0,2
1800.0,2000.0,-200.0,0.33,1.0,-0.6699999999999999,0,0,0,8.064230769230768,9.767692307692307,-1.7034615384615392,0,0
2140.0,2060.0,80.0,0.67,1.0,-0.32999999999999996,1,0,1,9.739230769230769,9.73423076923077,0.004999999999999005,0,1
1890.0,2120.0,-230.0,0.0,1.0,-1.0,2,3,-1,7.111923076923077,9.708076923076923,-2.5961538461538467,0,2
1800.0,1890.0,-90.0,0.33,0.0,0.33,0,2,-2,8.296538461538463,7.111923076923077,1.1846153846153857,0,1
1890.0,1800.0,90.0,0.0,0.33,-0.33,2,0,2,7.111923076923077,8.296538461538463,-1.1846153846153857,0,1
1780.0,1830.0,-50.0,0.5,0.5,0.0,0,0,0,7.485769230769231,8.509615384615385,-1.0238461538461543,0,2
1710.0,1850.0,-140.0,0.0,0.33,-0.33,0,0,0,5.970769230769231,9.121538461538462,-3.1507692307692308,0,2
1750.0,1780.0,-30.0,0.33,0.5,-0.16999999999999998,0,0,0,8.043076923076923,7.485769230769231,0.5573076923076918,0,1
1850.0,1830.0,20.0,0.33,0.5,-0.16999999999999998,0,0,0,9.121538461538462,8.509615384615385,0.6119230769230768,0,1
1710.0,1660.0,50.0,0.0,0.0,0.0,0,0,0,5.970769230769231,6.035,-0.06423076923076909,0,0
1660.0,1800.0,-140.0,0.0,0.33,-0.33,0,0,0,6.056538461538461,9.12346153846154,-3.0669230769230778,1,0
1800.0,1660.0,140.0,0.33,0.0,0.33,0,0,0,8.311153846153847,6.056538461538461,2.254615384615385,1,0
1850.0,1750.0,100.0,0.33,0.33,0.0,0,0,0,9.121538461538462,8.043076923076923,1.0784615384615392,1,0
2020.0,1830.0,190.0,0.67,0.5,0.17000000000000004,0,0,0,9.776153846153846,8.509615384615385,1.2665384615384614,1,2
1800.0,1800.0,0.0,0.33,0.33,0.0,0,0,0,9.12346153846154,8.311153846153847,0.8123076923076926,1,0
1800.0,1830.0,-30.0,0.33,0.5,-0.16999999999999998,0,0,0,8.153461538461539,8.509615384615385,-0.3561538461538465,1,2
1850.0,1660.0,190.0,0.33,0.0,0.33,0,0,0,9.121538461538462,5.924615384615384,3.1969230769230776,1,1
1800.0,2020.0,-220.0,0.33,0.67,-0.34,0,0,0,8.153461538461539,9.776153846153846,-1.6226923076923079,1,1
1760.0,1710.0,50.0,0.0,0.0,0.0,0,0,0,6.701538461538462,5.970769230769231,0.7307692307692308,0,1
1750.0,1660.0,90.0,0.33,0.0,0.33,0,0,0,8.043076923076923,5.924615384615384,2.1184615384615384,1,2
1760.0,2140.0,-380.0,0.0,0.67,-0.67,0,5,-5,6.701538461538462,9.793461538461539,-3.091923076923077,0,0
1980.0,1840.0,140.0,0.33,0.67,-0.34,0,0,0,9.437692307692307,9.64076923076923,-0.2030769230769227,0,1
2140.0,2080.0,60.0,0.67,0.5,0.17000000000000004,0,1,-1,9.733846153846155,8.685,1.0488461538461546,0,2
2140.0,2080.0,60.0,0.67,0.5,0.17000000000000004,1,0,1,9.739230769230769,9.02076923076923,0.718461538461538,0,2
1760.0,1800.0,-40.0,0.0,0.33,-0.33,0,0,0,6.701538461538462,8.153461538461539,-1.4519230769230766,1,1
2180.0,1750.0,430.0,1.0,0.33,0.6699999999999999,2,0,2,9.717307692307692,7.341923076923076,2.3753846153846156,0,1
2140.0,2140.0,0.0,0.67,0.67,0.0,0,1,-1,9.733846153846155,9.739230769230769,-0.005384615384613767,0,1
1760.0,1890.0,-130.0,0.0,0.0,0.0,0,2,-2,6.701538461538462,7.111923076923077,-0.4103846153846149,0,1
1800.0,2020.0,-220.0,0.33,0.67,-0.34,0,0,0,8.37076923076923,9.796923076923077,-1.4261538461538468,0,2
1660.0,1840.0,-180.0,0.0,0.67,-0.67,0,0,0,5.924615384615384,9.64076923076923,-3.716153846153846,0,2
1800.0,1800.0,0.0,0.33,0.33,0.0,0,0,0,8.311153846153847,8.153461538461539,0.15769230769230802,1,2
2080.0,1800.0,280.0,0.5,0.33,0.16999999999999998,1,0,1,8.685,8.064230769230768,0.6207692307692323,0,1
2090.0,2120.0,-30.0,0.67,1.0,-0.32999999999999996,2,3,-1,9.792692307692308,9.708076923076923,0.08461538461538431,0,0
1840.0,1800.0,40.0,0.67,0.33,0.34,0,0,0,9.64076923076923,8.37076923076923,1.2699999999999996,0,2
2080.0,2140.0,-60.0,0.5,0.67,-0.17000000000000004,0,5,-5,9.02076923076923,9.793461538461539,-0.7726923076923082,0,2
2060.0,2000.0,60.0,1.0,1.0,0.0,0,0,0,9.73423076923077,9.767692307692307,-0.03346153846153754,0,1
1980.0,1780.0,200.0,0.33,0.5,-0.16999999999999998,0,0,0,9.437692307692307,7.485769230769231,1.9519230769230766,0,2
1840.0,1980.0,-140.0,0.67,0.33,0.34,0,0,0,9.64076923076923,9.423461538461538,0.21730769230769198,0,1
1760.0,1750.0,10.0,0.0,0.33,-0.33,0,0,0,6.701538461538462,8.043076923076923,-1.3415384615384607,0,1
2020.0,1800.0,220.0,0.67,0.33,0.34,0,0,0,9.796923076923077,9.12346153846154,0.6734615384615381,0,0
1800.0,1800.0,0.0,0.33,0.33,0.0,0,0,0,8.37076923076923,8.064230769230768,0.3065384615384623,0,0
2180.0,1980.0,200.0,1.0,0.33,0.6699999999999999,2,0,2,9.717307692307692,9.437692307692307,0.2796153846153846,0,0
2090.0,1780.0,310.0,0.67,0.5,0.17000000000000004,2,0,2,9.792692307692308,7.785,2.0076923076923077,0,1
1750.0,1800.0,-50.0,0.33,0.33,0.0,0,0,0,7.341923076923076,8.153461538461539,-0.8115384615384622,1,0
1800.0,1750.0,50.0,0.33,0.33,0.0,0,0,0,8.311153846153847,8.043076923076923,0.268076923076924,1,0
1980.0,1800.0,180.0,0.33,0.33,0.0,0,0,0,9.423461538461538,8.37076923076923,1.0526923076923076,0,2
2180.0,1750.0,430.0,1.0,0.33,0.6699999999999999,2,0,2,9.717307692307692,8.043076923076923,1.6742307692307694,1,0
2090.0,1760.0,330.0,0.67,0.0,0.67,2,0,2,9.792692307692308,6.701538461538462,3.091153846153846,1,1
2080.0,1800.0,280.0,0.5,0.33,0.16999999999999998,1,0,1,8.685,8.37076923076923,0.31423076923077,1,2
1800.0,1800.0,0.0,0.33,0.33,0.0,0,0,0,8.064230769230768,8.153461538461539,-0.08923076923077033,1,2
1910.0,2060.0,-150.0,0.5,1.0,-0.5,0,0,0,7.631923076923077,9.73423076923077,-2.1023076923076927,1,0
1980.0,1980.0,0.0,0.33,0.33,0.0,0,0,0,9.423461538461538,9.437692307692307,-0.014230769230769269,0,2
2180.0,1890.0,290.0,1.0,0.0,1.0,2,2,0,9.717307692307692,7.111923076923077,2.605384615384615,1,2
2120.0,2080.0,40.0,1.0,0.5,0.5,3,1,2,9.708076923076923,8.685,1.023076923076923,1,0
2140.0,1800.0,340.0,0.67,0.33,0.34,1,0,1,9.739230769230769,8.064230769230768,1.6750000000000007,1,1
2060.0,1800.0,260.0,1.0,0.33,0.6699999999999999,0,0,0,9.73423076923077,8.311153846153847,1.4230769230769234,1,1
1660.0,1980.0,-320.0,0.0,0.33,-0.33,0,0,0,5.924615384615384,9.437692307692307,-3.513076923076923,1,2
1750.0,1890.0,-140.0,0.33,0.0,0.33,0,2,-2,8.043076923076923,7.111923076923077,0.9311538461538458,1,2
1800.0,2140.0,-340.0,0.33,0.67,-0.34,0,1,-1,8.153461538461539,9.739230769230769,-1.5857692307692304,1,0
1800.0,2120.0,-320.0,0.33,1.0,-0.6699999999999999,0,3,-3,8.37076923076923,9.708076923076923,-1.337307692307693,1,2
1800.0,1910.0,-110.0,0.33,0.5,-0.16999999999999998,0,0,0,8.311153846153847,7.631923076923077,0.6792307692307693,1,1
1980.0,1660.0,320.0,0.33,0.0,0.33,0,0,0,9.423461538461538,5.924615384615384,3.498846153846154,0,1
2090.0,1800.0,290.0,0.67,0.33,0.34,2,0,2,9.792692307692308,8.064230769230768,1.7284615384615396,1,1
1800.0,1750.0,50.0,0.33,0.33,0.0,0,0,0,8.37076923076923,8.043076923076923,0.32769230769230795,1,0
2140.0,1980.0,160.0,0.67,0.33,0.34,5,0,5,9.793461538461539,9.437692307692307,0.3557692307692317,1,1
2080.0,2140.0,-60.0,0.5,0.67,-0.17000000000000004,1,5,-4,8.685,9.793461538461539,-1.1084615384615386,1,0
2090.0,2140.0,-50.0,0.67,0.67,0.0,2,5,-3,9.792692307692308,9.793461538461539,-0.0007692307692312994,1,0
1710.0,1800.0,-90.0,0.0,0.33,-0.33,0,0,0,6.001153846153846,8.296538461538463,-2.2953846153846165,0,1
2140.0,1800.0,340.0,0.67,0.33,0.34,5,0,5,9.793461538461539,8.064230769230768,1.729230769230771,0,0
1840.0,2140.0,-300.0,0.67,0.67,0.0,0,0,0,9.64076923076923,9.733846153846155,-0.09307692307692506,0,0
2020.0,1780.0,240.0,0.67,0.5,0.17000000000000004,0,0,0,9.796923076923077,7.785,2.011923076923077,0,1
1660.0,2180.0,-520.0,0.0,1.0,-1.0,0,2,-2,5.924615384615384,9.717307692307692,-3.792692307692308,0,2
1690.0,1810.0,-120.0,0.0,0.0,0.0,0,0,0,6.010769230769231,7.837307692307693,-1.8265384615384619,1,1
1660.0,1810.0,-150.0,0.0,0.0,0.0,0,0,0,6.035,7.837307692307693,-1.8023076923076928,1,2
2080.0,2080.0,0.0,0.5,0.5,0.0,1,0,1,8.685,9.02076923076923,-0.3357692307692304,0,2
1690.0,1660.0,30.0,0.0,0.0,0.0,0,0,0,6.010769230769231,6.035,-0.024230769230769056,1,0
1810.0,2020.0,-210.0,0.0,0.67,-0.67,0,0,0,7.837307692307693,9.776153846153846,-1.9388461538461534,0,2
1810.0,1800.0,10.0,0.0,0.33,-0.33,0,0,0,7.837307692307693,8.064230769230768,-0.22692307692307523,0,2
2080.0,1660.0,420.0,0.5,0.0,0.5,0,0,0,9.02076923076923,5.924615384615384,3.0961538461538467,0,2
1750.0,1800.0,-50.0,0.33,0.33,0.0,0,0,0,7.341923076923076,9.12346153846154,-1.7815384615384628,0,1
1780.0,2140.0,-360.0,0.5,0.67,-0.17000000000000004,0,0,0,7.785,9.733846153846155,-1.948846153846155,0,0
2140.0,1800.0,340.0,0.67,0.33,0.34,1,0,1,9.739230769230769,8.064230769230768,1.6750000000000007,0,2
1800.0,2080.0,-280.0,0.33,0.5,-0.16999999999999998,0,0,0,8.37076923076923,9.02076923076923,-0.6500000000000004,0,0
1800.0,1750.0,50.0,0.33,0.33,0.0,0,0,0,8.153461538461539,8.043076923076923,0.11038461538461597,0,2
1780.0,1840.0,-60.0,0.5,0.67,-0.17000000000000004,0,0,0,7.785,9.64076923076923,-1.85576923076923,0,0
2090.0,2140.0,-50.0,0.67,0.67,0.0,2,0,2,9.792692307692308,9.733846153846155,0.05884615384615266,0,0
1980.0,2120.0,-140.0,0.33,1.0,-0.6699999999999999,0,3,-3,9.423461538461538,9.708076923076923,-0.2846153846153854,0,0
2080.0,1750.0,330.0,0.5,0.33,0.16999999999999998,0,0,0,9.02076923076923,7.341923076923076,1.6788461538461545,0,1
1710.0,1660.0,50.0,0.0,0.0,0.0,0,0,0,5.970769230769231,6.035,-0.06423076923076909,0,1
1660.0,1850.0,-190.0,0.0,0.33,-0.33,0,0,0,5.924615384615384,9.121538461538462,-3.1969230769230776,0,2
1660.0,1710.0,-50.0,0.0,0.0,0.0,0,0,0,6.056538461538461,6.03423076923077,0.022307692307691696,0,1
1850.0,1830.0,20.0,0.33,0.5,-0.16999999999999998,0,0,0,9.121538461538462,8.509615384615385,0.6119230769230768,0,2
2060.0,2120.0,-60.0,1.0,1.0,0.0,0,3,-3,9.73423076923077,9.708076923076923,0.026153846153846416,1,0
1890.0,1810.0,80.0,0.0,0.0,0.0,2,0,2,7.111923076923077,7.837307692307693,-0.7253846153846162,1,2
1780.0,1980.0,-200.0,0.5,0.33,0.16999999999999998,0,0,0,7.485769230769231,9.437692307692307,-1.9519230769230766,0,0
2080.0,1800.0,280.0,0.5,0.33,0.16999999999999998,1,0,1,8.685,8.296538461538463,0.38846153846153797,0,0
2060.0,2000.0,60.0,1.0,1.0,0.0,0,0,0,9.73423076923077,9.767692307692307,-0.03346153846153754,1,2
2020.0,1750.0,270.0,0.67,0.33,0.34,0,0,0,9.776153846153846,8.043076923076923,1.7330769230769238,1,1
2140.0,2120.0,20.0,0.67,1.0,-0.32999999999999996,0,3,-3,9.733846153846155,9.708076923076923,0.025769230769231655,0,1
2140.0,2090.0,50.0,0.67,0.67,0.0,1,2,-1,9.739230769230769,9.792692307692308,-0.05346153846153889,0,1
1660.0,1800.0,-140.0,0.0,0.33,-0.33,0,0,0,5.924615384615384,8.37076923076923,-2.4461538461538463,0,1
1710.0,1800.0,-90.0,0.0,0.33,-0.33,0,0,0,5.970769230769231,8.37076923076923,-2.3999999999999995,1,0
1850.0,1710.0,140.0,0.33,0.0,0.33,0,0,0,9.121538461538462,5.970769230769231,3.1507692307692308,0,1
2060.0,1800.0,260.0,1.0,0.33,0.6699999999999999,0,0,0,9.73423076923077,8.064230769230768,1.6700000000000017,1,2
1660.0,1830.0,-170.0,0.0,0.5,-0.5,0,0,0,5.924615384615384,8.509615384615385,-2.585000000000001,0,2
1980.0,1890.0,90.0,0.33,0.0,0.33,0,2,-2,9.423461538461538,7.111923076923077,2.3115384615384613,0,2
1910.0,1980.0,-70.0,0.5,0.33,0.16999999999999998,0,0,0,7.631923076923077,9.437692307692307,-1.8057692307692301,0,1
2080.0,2140.0,-60.0,0.5,0.67,-0.17000000000000004,0,5,-5,9.02076923076923,9.793461538461539,-0.7726923076923082,0,1
2180.0,1850.0,330.0,1.0,0.33,0.6699999999999999,2,0,2,9.717307692307692,9.121538461538462,0.5957692307692302,0,1
2060.0,2140.0,-80.0,1.0,0.67,0.32999999999999996,0,5,-5,9.73423076923077,9.793461538461539,-0.0592307692307692,0,2
2140.0,2080.0,60.0,0.67,0.5,0.17000000000000004,0,0,0,9.733846153846155,9.02076923076923,0.7130769230769243,0,2
1750.0,1780.0,-30.0,0.33,0.5,-0.16999999999999998,0,0,0,7.341923076923076,7.785,-0.4430769230769238,0,0
2140.0,1800.0,340.0,0.67,0.33,0.34,1,0,1,9.739230769230769,8.311153846153847,1.4280769230769224,0,1
1800.0,1910.0,-110.0,0.33,0.5,-0.16999999999999998,0,0,0,8.37076923076923,7.631923076923077,0.7388461538461533,0,0
1660.0,1750.0,-90.0,0.0,0.33,-0.33,0,0,0,5.924615384615384,8.043076923076923,-2.1184615384615384,0,1
1800.0,2080.0,-280.0,0.33,0.5,-0.16999999999999998,0,1,-1,8.153461538461539,8.685,-0.531538461538462,0,0
1750.0,1710.0,40.0,0.33,0.0,0.33,0,0,0,7.341923076923076,6.001153846153846,1.3407692307692303,0,2
2090.0,1800.0,290.0,0.67,0.33,0.34,2,0,2,9.792692307692308,9.12346153846154,0.6692307692307686,0,1
2080.0,1800.0,280.0,0.5,0.33,0.16999999999999998,0,0,0,9.02076923076923,8.064230769230768,0.9565384615384627,0,2
1750.0,2090.0,-340.0,0.33,0.67,-0.34,0,2,-2,7.341923076923076,9.792692307692308,-2.4507692307692315,0,2
2000.0,1800.0,200.0,1.0,0.33,0.6699999999999999,0,0,0,9.767692307692307,8.311153846153847,1.456538461538461,1,2
1980.0,2120.0,-140.0,0.33,1.0,-0.6699999999999999,0,3,-3,9.423461538461538,9.708076923076923,-0.2846153846153854,0,0
1980.0,1800.0,180.0,0.33,0.33,0.0,0,0,0,9.423461538461538,8.064230769230768,1.35923076923077,0,2
2180.0,2000.0,180.0,1.0,1.0,0.0,2,0,2,9.717307692307692,9.767692307692307,-0.05038461538461547,0,1
1710.0,1980.0,-270.0,0.0,0.33,-0.33,0,0,0,6.001153846153846,9.423461538461538,-3.422307692307692,1,0
2000.0,1710.0,290.0,1.0,0.0,1.0,0,0,0,9.767692307692307,6.001153846153846,3.7665384615384614,1,1
2180.0,1980.0,200.0,1.0,0.33,0.6699999999999999,2,0,2,9.717307692307692,9.423461538461538,0.29384615384615387,0,1
2180.0,1710.0,470.0,1.0,0.0,1.0,2,0,2,9.717307692307692,6.001153846153846,3.716153846153846,0,1
1980.0,2000.0,-20.0,0.33,1.0,-0.6699999999999999,0,0,0,9.423461538461538,9.767692307692307,-0.34423076923076934,1,0
2060.0,2140.0,-80.0,1.0,0.67,0.32999999999999996,0,5,-5,9.73423076923077,9.793461538461539,-0.0592307692307692,0,1
2120.0,1890.0,230.0,1.0,0.0,1.0,3,2,1,9.708076923076923,7.111923076923077,2.5961538461538467,0,2
2000.0,2140.0,-140.0,1.0,0.67,0.32999999999999996,0,5,-5,9.767692307692307,9.793461538461539,-0.025769230769231655,1,0
2060.0,2140.0,-80.0,1.0,0.67,0.32999999999999996,0,5,-5,9.73423076923077,9.793461538461539,-0.0592307692307692,0,1
1810.0,1660.0,150.0,0.0,0.0,0.0,0,0,0,7.837307692307693,6.035,1.8023076923076928,0,0
1660.0,1890.0,-230.0,0.0,0.0,0.0,0,2,-2,6.035,7.111923076923077,-1.0769230769230766,1,0
2120.0,1890.0,230.0,1.0,0.0,1.0,3,2,1,9.708076923076923,7.111923076923077,2.5961538461538467,1,1
1980.0,2140.0,-160.0,0.33,0.67,-0.34,0,0,0,9.437692307692307,9.733846153846155,-0.29615384615384777,0,2
2080.0,1910.0,170.0,0.5,0.5,0.0,1,0,1,8.685,7.631923076923077,1.0530769230769232,0,1
1840.0,1750.0,90.0,0.67,0.33,0.34,0,0,0,9.64076923076923,7.341923076923076,2.2988461538461538,0,2
1690.0,1800.0,-110.0,0.0,0.33,-0.33,0,0,0,6.078076923076923,8.064230769230768,-1.9861538461538455,0,0
2020.0,2180.0,-160.0,0.67,1.0,-0.32999999999999996,0,2,-2,9.796923076923077,9.717307692307692,0.07961538461538531,0,0
1690.0,1660.0,30.0,0.0,0.0,0.0,0,0,0,6.010769230769231,6.035,-0.024230769230769056,0,1
1780.0,1710.0,70.0,0.5,0.0,0.5,0,0,0,7.485769230769231,5.970769230769231,1.5149999999999997,1,1
1810.0,1690.0,120.0,0.0,0.0,0.0,0,0,0,7.837307692307693,6.010769230769231,1.8265384615384619,0,1
2140.0,1780.0,360.0,0.67,0.5,0.17000000000000004,0,0,0,9.733846153846155,7.785,1.948846153846155,0,1
2080.0,2140.0,-60.0,0.5,0.67,-0.17000000000000004,0,1,-1,9.02076923076923,9.739230769230769,-0.718461538461538,0,0
2000.0,2140.0,-140.0,1.0,0.67,0.32999999999999996,0,5,-5,9.767692307692307,9.793461538461539,-0.025769230769231655,0,0
1980.0,1910.0,70.0,0.33,0.5,-0.16999999999999998,0,0,0,9.437692307692307,7.631923076923077,1.8057692307692301,0,1
2140.0,1800.0,340.0,0.67,0.33,0.34,5,0,5,9.793461538461539,8.311153846153847,1.4823076923076925,0,1
2090.0,1750.0,340.0,0.67,0.33,0.34,2,0,2,9.792692307692308,7.341923076923076,2.4507692307692315,0,1
1980.0,1750.0,230.0,0.33,0.33,0.0,0,0,0,9.423461538461538,8.043076923076923,1.3803846153846155,0,0
1840.0,2080.0,-240.0,0.67,0.5,0.17000000000000004,0,0,0,9.64076923076923,9.02076923076923,0.6199999999999992,0,0
1800.0,1890.0,-90.0,0.33,0.0,0.33,0,2,-2,8.064230769230768,7.111923076923077,0.9523076923076914,0,1
1690.0,1810.0,-120.0,0.0,0.0,0.0,0,0,0,6.010769230769231,7.837307692307693,-1.8265384615384619,0,1
1660.0,1980.0,-320.0,0.0,0.33,-0.33,0,0,0,5.924615384615384,9.423461538461538,-3.498846153846154,0,0
1850.0,1750.0,100.0,0.33,0.33,0.0,0,0,0,9.121538461538462,8.043076923076923,1.0784615384615392,0,1
1660.0,2020.0,-360.0,0.0,0.67,-0.67,0,0,0,5.924615384615384,9.776153846153846,-3.8515384615384622,0,2
1810.0,1710.0,100.0,0.0,0.0,0.0,0,0,0,7.837307692307693,6.001153846153846,1.836153846153847,0,1
2060.0,1890.0,170.0,1.0,0.0,1.0,0,2,-2,9.73423076923077,7.111923076923077,2.622307692307693,1,0
1850.0,1800.0,50.0,0.33,0.33,0.0,0,0,0,9.121538461538462,8.153461538461539,0.9680769230769233,0,1
2090.0,2180.0,-90.0,0.67,1.0,-0.32999999999999996,2,2,0,9.792692307692308,9.717307692307692,0.07538461538461583,0,0
1800.0,1800.0,0.0,0.33,0.33,0.0,0,0,0,8.064230769230768,8.311153846153847,-0.24692307692307836,0,1
1750.0,2140.0,-390.0,0.33,0.67,-0.34,0,0,0,7.341923076923076,9.733846153846155,-2.391923076923079,0,1
2140.0,1840.0,300.0,0.67,0.67,0.0,1,0,1,9.739230769230769,9.64076923076923,0.09846153846153882,0,1
1850.0,1800.0,50.0,0.33,0.33,0.0,0,0,0,9.121538461538462,8.37076923076923,0.7507692307692313,0,1
2140.0,1890.0,250.0,0.67,0.0,0.67,5,2,3,9.793461538461539,7.111923076923077,2.6815384615384623,0,2
2000.0,2120.0,-120.0,1.0,1.0,0.0,0,3,-3,9.767692307692307,9.708076923076923,0.05961538461538396,0,2
2140.0,1750.0,390.0,0.67,0.33,0.34,0,0,0,9.733846153846155,7.341923076923076,2.391923076923079,0,1
1840.0,2140.0,-300.0,0.67,0.67,0.0,0,1,-1,9.64076923076923,9.739230769230769,-0.09846153846153882,0,0
1660.0,1800.0,-140.0,0.0,0.33,-0.33,0,0,0,5.924615384615384,8.153461538461539,-2.2288461538461544,0,1
1850.0,1660.0,190.0,0.33,0.0,0.33,0,0,0,9.121538461538462,6.035,3.0865384615384617,1,1
1710.0,1660.0,50.0,0.0,0.0,0.0,0,0,0,5.970769230769231,6.035,-0.06423076923076909,0,2
1760.0,1710.0,50.0,0.0,0.0,0.0,0,0,0,6.701538461538462,5.970769230769231,0.7307692307692308,1,2
1750.0,1800.0,-50.0,0.33,0.33,0.0,0,0,0,8.043076923076923,8.153461538461539,-0.11038461538461597,0,1
1800.0,1840.0,-40.0,0.33,0.67,-0.34,0,0,0,8.37076923076923,9.64076923076923,-1.2699999999999996,1,0
1780.0,1850.0,-70.0,0.5,0.33,0.16999999999999998,0,0,0,7.485769230769231,9.121538461538462,-1.635769230769231,1,1
2020.0,1800.0,220.0,0.67,0.33,0.34,0,0,0,9.776153846153846,8.153461538461539,1.6226923076923079,1,2
1660.0,1750.0,-90.0,0.0,0.33,-0.33,0,0,0,5.924615384615384,8.043076923076923,-2.1184615384615384,0,1
2020.0,1780.0,240.0,0.67,0.5,0.17000000000000004,0,0,0,9.776153846153846,7.485769230769231,2.2903846153846157,1,1
1980.0,1660.0,320.0,0.33,0.0,0.33,0,0,0,9.423461538461538,6.035,3.388461538461538,0,1
1660.0,2020.0,-360.0,0.0,0.67,-0.67,0,0,0,5.924615384615384,9.776153846153846,-3.8515384615384622,0,1
1980.0,2180.0,-200.0,0.33,1.0,-0.6699999999999999,0,2,-2,9.437692307692307,9.717307692307692,-0.2796153846153846,0,0
1910.0,2090.0,-180.0,0.5,0.67,-0.17000000000000004,0,2,-2,7.631923076923077,9.792692307692308,-2.1607692307692306,0,0
1810.0,1710.0,100.0,0.0,0.0,0.0,0,0,0,7.837307692307693,5.970769230769231,1.866538461538462,0,1
2020.0,2020.0,0.0,0.67,0.67,0.0,0,0,0,9.776153846153846,9.796923076923077,-0.020769230769230873,0,1
2080.0,2080.0,0.0,0.5,0.5,0.0,0,1,-1,9.02076923076923,8.685,0.3357692307692304,0,2
1690.0,1660.0,30.0,0.0,0.0,0.0,0,0,0,6.0600000000000005,6.035,0.025000000000000355,0,2
2060.0,1800.0,260.0,1.0,0.33,0.6699999999999999,0,0,0,9.73423076923077,8.311153846153847,1.4230769230769234,0,1
2120.0,1800.0,320.0,1.0,0.33,0.6699999999999999,3,0,3,9.708076923076923,8.311153846153847,1.396923076923077,0,1
1800.0,1800.0,0.0,0.33,0.33,0.0,0,0,0,8.296538461538463,8.153461538461539,0.143076923076924,1,1
2090.0,1980.0,110.0,0.67,0.33,0.34,2,0,2,9.792692307692308,9.437692307692307,0.3550000000000004,0,1
1690.0,1710.0,-20.0,0.0,0.0,0.0,0,0,0,6.010769230769231,5.970769230769231,0.040000000000000036,0,1
2140.0,2180.0,-40.0,0.67,1.0,-0.32999999999999996,0,2,-2,9.733846153846155,9.717307692307692,0.016538461538463167,0,2
1800.0,2140.0,-340.0,0.33,0.67,-0.34,0,5,-5,8.064230769230768,9.793461538461539,-1.729230769230771,0,2
1800.0,2080.0,-280.0,0.33,0.5,-0.16999999999999998,0,1,-1,8.37076923076923,8.685,-0.31423076923077,0,1
2020.0,2120.0,-100.0,0.67,1.0,-0.32999999999999996,0,3,-3,9.776153846153846,9.708076923076923,0.06807692307692292,0,0
2080.0,1800.0,280.0,0.5,0.33,0.16999999999999998,0,0,0,9.02076923076923,8.37076923076923,0.6500000000000004,0,2
2180.0,2140.0,40.0,1.0,0.67,0.32999999999999996,2,5,-3,9.717307692307692,9.793461538461539,-0.07615384615384713,0,2
1800.0,1710.0,90.0,0.33,0.0,0.33,0,0,0,8.296538461538463,6.001153846153846,2.2953846153846165,0,1
2140.0,1980.0,160.0,0.67,0.33,0.34,0,0,0,9.733846153846155,9.437692307692307,0.29615384615384777,0,0
1780.0,1690.0,90.0,0.5,0.0,0.5,0,0,0,7.485769230769231,6.010769230769231,1.4749999999999996,0,2
2080.0,1980.0,100.0,0.5,0.33,0.16999999999999998,1,0,1,8.685,9.423461538461538,-0.7384615384615376,0,2
2140.0,2120.0,20.0,0.67,1.0,-0.32999999999999996,5,3,2,9.793461538461539,9.708076923076923,0.08538461538461561,0,1
1800.0,2000.0,-200.0,0.33,1.0,-0.6699999999999999,0,0,0,8.311153846153847,9.767692307692307,-1.456538461538461,0,1
2020.0,2090.0,-70.0,0.67,0.67,0.0,0,2,-2,9.796923076923077,9.792692307692308,0.004230769230769482,0,0
2120.0,1800.0,320.0,1.0,0.33,0.6699999999999999,3,0,3,9.708076923076923,8.064230769230768,1.6438461538461553,0,2
2000.0,1890.0,110.0,1.0,0.0,1.0,0,2,-2,9.767692307692307,7.111923076923077,2.6557692307692307,0,1
1810.0,1690.0,120.0,0.0,0.0,0.0,0,0,0,7.837307692307693,6.010769230769231,1.8265384615384619,0,0
2180.0,2080.0,100.0,1.0,0.5,0.5,2,1,1,9.717307692307692,8.685,1.0323076923076915,1,1
2020.0,1910.0,110.0,0.67,0.5,0.17000000000000004,0,0,0,9.796923076923077,7.631923076923077,2.165,1,2
2090.0,2140.0,-50.0,0.67,0.67,0.0,2,0,2,9.792692307692308,9.733846153846155,0.05884615384615266,1,2
1910.0,2180.0,-270.0,0.5,1.0,-0.5,0,2,-2,7.631923076923077,9.717307692307692,-2.0853846153846147,1,2
2080.0,2020.0,60.0,0.5,0.67,-0.17000000000000004,1,0,1,8.685,9.796923076923077,-1.1119230769230768,1,1
1830.0,1800.0,30.0,0.5,0.33,0.16999999999999998,0,0,0,8.509615384615385,8.153461538461539,0.3561538461538465,0,1
2080.0,2140.0,-60.0,0.5,0.67,-0.17000000000000004,0,1,-1,9.02076923076923,9.739230769230769,-0.718461538461538,0,1
1910.0,2080.0,-170.0,0.5,0.5,0.0,0,1,-1,7.631923076923077,8.685,-1.0530769230769232,1,0
1690.0,1660.0,30.0,0.0,0.0,0.0,0,0,0,6.010769230769231,6.035,-0.024230769230769056,1,1
2020.0,2180.0,-160.0,0.67,1.0,-0.32999999999999996,0,2,-2,9.796923076923077,9.717307692307692,0.07961538461538531,1,0
1810.0,1660.0,150.0,0.0,0.0,0.0,0,0,0,7.837307692307693,6.035,1.8023076923076928,0,1
2080.0,2080.0,0.0,0.5,0.5,0.0,0,1,-1,9.02076923076923,8.685,0.3357692307692304,0,2
1660.0,1690.0,-30.0,0.0,0.0,0.0,0,0,0,6.035,6.010769230769231,0.024230769230769056,1,0
1800.0,2140.0,-340.0,0.33,0.67,-0.34,0,0,0,8.37076923076923,9.733846153846155,-1.3630769230769246,1,2
2120.0,2000.0,120.0,1.0,1.0,0.0,3,0,3,9.708076923076923,9.767692307692307,-0.05961538461538396,1,0
2080.0,2140.0,-60.0,0.5,0.67,-0.17000000000000004,0,0,0,9.02076923076923,9.733846153846155,-0.7130769230769243,0,1
2120.0,1800.0,320.0,1.0,0.33,0.6699999999999999,3,0,3,9.708076923076923,8.311153846153847,1.396923076923077,1,1
2060.0,1890.0,170.0,1.0,0.0,1.0,0,2,-2,9.73423076923077,7.111923076923077,2.622307692307693,1,2
2120.0,2060.0,60.0,1.0,1.0,0.0,3,0,3,9.708076923076923,9.73423076923077,-0.026153846153846416,1,0
1890.0,1800.0,90.0,0.0,0.33,-0.33,2,0,2,7.111923076923077,8.311153846153847,-1.1992307692307698,1,1
2120.0,1890.0,230.0,1.0,0.0,1.0,3,2,1,9.708076923076923,7.111923076923077,2.5961538461538467,1,1
2060.0,1800.0,260.0,1.0,0.33,0.6699999999999999,0,0,0,9.73423076923077,8.311153846153847,1.4230769230769234,1,1
2140.0,1800.0,340.0,0.67,0.33,0.34,5,0,5,9.793461538461539,8.064230769230768,1.729230769230771,1,0
1660.0,1690.0,-30.0,0.0,0.0,0.0,0,0,0,6.035,6.0600000000000005,-0.025000000000000355,1,0
2060.0,2140.0,-80.0,1.0,0.67,0.32999999999999996,0,5,-5,9.73423076923077,9.793461538461539,-0.0592307692307692,1,0
1800.0,1890.0,-90.0,0.33,0.0,0.33,0,2,-2,8.064230769230768,7.111923076923077,0.9523076923076914,1,0
2120.0,2000.0,120.0,1.0,1.0,0.0,3,0,3,9.708076923076923,9.767692307692307,-0.05961538461538396,1,1
1890.0,2140.0,-250.0,0.0,0.67,-0.67,2,5,-3,7.111923076923077,9.793461538461539,-2.6815384615384623,1,2
1690.0,1760.0,-70.0,0.0,0.0,0.0,0,0,0,6.0600000000000005,6.701538461538462,-0.6415384615384614,1,1
2000.0,1890.0,110.0,1.0,0.0,1.0,0,2,-2,9.767692307692307,7.111923076923077,2.6557692307692307,1,0
2120.0,2140.0,-20.0,1.0,0.67,0.32999999999999996,3,5,-2,9.708076923076923,9.793461538461539,-0.08538461538461561,1,2
1760.0,1660.0,100.0,0.0,0.0,0.0,0,0,0,6.701538461538462,6.035,0.6665384615384617,1,0
1980.0,1810.0,170.0,0.33,0.0,0.33,0,0,0,9.423461538461538,7.837307692307693,1.5861538461538451,1,2
1980.0,1690.0,290.0,0.33,0.0,0.33,0,0,0,9.423461538461538,6.010769230769231,3.412692307692307,1,2
1780.0,2090.0,-310.0,0.5,0.67,-0.17000000000000004,0,2,-2,7.785,9.792692307692308,-2.0076923076923077,0,0
1660.0,2140.0,-480.0,0.0,0.67,-0.67,0,5,-5,6.056538461538461,9.793461538461539,-3.7369230769230777,0,0
1980.0,2120.0,-140.0,0.33,1.0,-0.6699999999999999,0,3,-3,9.423461538461538,9.708076923076923,-0.2846153846153854,0,0
1840.0,1980.0,-140.0,0.67,0.33,0.34,0,0,0,9.64076923076923,9.437692307692307,0.2030769230769227,0,2
1800.0,2140.0,-340.0,0.33,0.67,-0.34,0,0,0,8.37076923076923,9.733846153846155,-1.3630769230769246,0,2
1660.0,1800.0,-140.0,0.0,0.33,-0.33,0,0,0,5.924615384615384,8.153461538461539,-2.2288461538461544,0,0
2140.0,1750.0,390.0,0.67,0.33,0.34,1,0,1,9.739230769230769,7.341923076923076,2.3973076923076926,0,2
1780.0,2080.0,-300.0,0.5,0.5,0.0,0,1,-1,7.785,8.685,-0.9000000000000004,0,2
2020.0,1660.0,360.0,0.67,0.0,0.67,0,0,0,9.776153846153846,5.924615384615384,3.8515384615384622,0,2
1890.0,1800.0,90.0,0.0,0.33,-0.33,2,0,2,7.111923076923077,8.311153846153847,-1.1992307692307698,0,1
2090.0,2140.0,-50.0,0.67,0.67,0.0,2,5,-3,9.792692307692308,9.793461538461539,-0.0007692307692312994,0,2
1690.0,1810.0,-120.0,0.0,0.0,0.0,0,0,0,6.010769230769231,7.837307692307693,-1.8265384615384619,0,0
1800.0,1910.0,-110.0,0.33,0.5,-0.16999999999999998,0,0,0,8.37076923076923,7.631923076923077,0.7388461538461533,0,0
2120.0,1890.0,230.0,1.0,0.0,1.0,3,2,1,9.708076923076923,7.111923076923077,2.5961538461538467,0,1
2000.0,1800.0,200.0,1.0,0.33,0.6699999999999999,0,0,0,9.767692307692307,8.064230769230768,1.7034615384615392,0,2
1810.0,2090.0,-280.0,0.0,0.67,-0.67,0,2,-2,7.837307692307693,9.792692307692308,-1.9553846153846148,0,0
1750.0,1840.0,-90.0,0.33,0.67,-0.34,0,0,0,7.341923076923076,9.64076923076923,-2.2988461538461538,0,0
2140.0,1980.0,160.0,0.67,0.33,0.34,1,0,1,9.739230769230769,9.437692307692307,0.30153846153846153,0,1
2140.0,2000.0,140.0,0.67,1.0,-0.32999999999999996,5,0,5,9.793461538461539,9.767692307692307,0.025769230769231655,0,2
1660.0,1690.0,-30.0,0.0,0.0,0.0,0,0,0,6.035,6.0600000000000005,-0.025000000000000355,1,0
1710.0,1810.0,-100.0,0.0,0.0,0.0,0,0,0,5.970769230769231,7.837307692307693,-1.866538461538462,0,0
1800.0,1690.0,110.0,0.33,0.0,0.33,0,0,0,8.311153846153847,6.010769230769231,2.3003846153846155,1,0
2060.0,1800.0,260.0,1.0,0.33,0.6699999999999999,0,0,0,9.73423076923077,8.311153846153847,1.4230769230769234,1,1
1800.0,1840.0,-40.0,0.33,0.67,-0.34,0,0,0,8.296538461538463,9.64076923076923,-1.3442307692307676,1,2
1780.0,1750.0,30.0,0.5,0.33,0.16999999999999998,0,0,0,7.485769230769231,8.043076923076923,-0.5573076923076918,1,0
1800.0,2140.0,-340.0,0.33,0.67,-0.34,0,5,-5,8.311153846153847,9.793461538461539,-1.4823076923076925,0,1
1710.0,1690.0,20.0,0.0,0.0,0.0,0,0,0,5.970769230769231,6.010769230769231,-0.040000000000000036,0,1
1750.0,1800.0,-50.0,0.33,0.33,0.0,0,0,0,7.341923076923076,8.37076923076923,-1.0288461538461542,0,0
2140.0,2080.0,60.0,0.67,0.5,0.17000000000000004,1,1,0,9.739230769230769,8.685,1.0542307692307684,0,1
1890.0,1800.0,90.0,0.0,0.33,-0.33,2,0,2,7.111923076923077,8.064230769230768,-0.9523076923076914,0,1
1710.0,1660.0,50.0,0.0,0.0,0.0,0,0,0,5.970769230769231,6.035,-0.06423076923076909,0,2
1980.0,2090.0,-110.0,0.33,0.67,-0.34,0,2,-2,9.423461538461538,9.792692307692308,-0.3692307692307697,0,0
1810.0,1690.0,120.0,0.0,0.0,0.0,0,0,0,7.837307692307693,6.078076923076923,1.7592307692307703,0,1
1800.0,1690.0,110.0,0.33,0.0,0.33,0,0,0,8.311153846153847,6.078076923076923,2.233076923076924,0,1
2060.0,1800.0,260.0,1.0,0.33,0.6699999999999999,0,0,0,9.73423076923077,8.37076923076923,1.3634615384615394,1,2
1690.0,1840.0,-150.0,0.0,0.67,-0.67,0,0,0,6.010769230769231,9.64076923076923,-3.629999999999999,0,2
1800.0,1690.0,110.0,0.33,0.0,0.33,0,0,0,8.311153846153847,6.078076923076923,2.233076923076924,0,1
1850.0,1980.0,-130.0,0.33,0.33,0.0,0,0,0,9.121538461538462,9.437692307692307,-0.31615384615384556,0,1
2080.0,2140.0,-60.0,0.5,0.67,-0.17000000000000004,1,0,1,8.685,9.733846153846155,-1.0488461538461546,0,2
2180.0,1800.0,380.0,1.0,0.33,0.6699999999999999,2,0,2,9.717307692307692,8.37076923076923,1.3465384615384615,0,2
2090.0,2120.0,-30.0,0.67,1.0,-0.32999999999999996,2,3,-1,9.792692307692308,9.708076923076923,0.08461538461538431,0,2
1800.0,1800.0,0.0,0.33,0.33,0.0,0,0,0,8.153461538461539,8.296538461538463,-0.143076923076924,0,2
1690.0,1760.0,-70.0,0.0,0.0,0.0,0,0,0,6.0600000000000005,6.701538461538462,-0.6415384615384614,0,2
2060.0,2000.0,60.0,1.0,1.0,0.0,0,0,0,9.73423076923077,9.767692307692307,-0.03346153846153754,0,2
2060.0,2120.0,-60.0,1.0,1.0,0.0,0,3,-3,9.73423076923077,9.708076923076923,0.026153846153846416,1,2
1760.0,1850.0,-90.0,0.0,0.33,-0.33,0,0,0,6.701538461538462,9.121538461538462,-2.42,0,0
1810.0,1980.0,-170.0,0.0,0.33,-0.33,0,0,0,7.837307692307693,9.423461538461538,-1.5861538461538451,0,1
1800.0,1660.0,140.0,0.33,0.0,0.33,0,0,0,8.296538461538463,6.035,2.2615384615384624,0,1
2180.0,2020.0,160.0,1.0,0.67,0.32999999999999996,2,0,2,9.717307692307692,9.796923076923077,-0.07961538461538531,0,2
2080.0,1800.0,280.0,0.5,0.33,0.16999999999999998,0,0,0,9.02076923076923,9.12346153846154,-0.1026923076923083,0,1
1800.0,1800.0,0.0,0.33,0.33,0.0,0,0,0,8.311153846153847,8.064230769230768,0.24692307692307836,0,1
2120.0,2000.0,120.0,1.0,1.0,0.0,3,0,3,9.708076923076923,9.767692307692307,-0.05961538461538396,0,1
1690.0,2060.0,-370.0,0.0,1.0,-1.0,0,0,0,6.078076923076923,9.73423076923077,-3.656153846153847,0,2
1890.0,2140.0,-250.0,0.0,0.67,-0.67,2,5,-3,7.111923076923077,9.793461538461539,-2.6815384615384623,0,2
1800.0,1800.0,0.0,0.33,0.33,0.0,0,0,0,8.311153846153847,8.064230769230768,0.24692307692307836,1,1
2000.0,2080.0,-80.0,1.0,0.5,0.5,0,1,-1,9.767692307692307,8.685,1.082692307692307,1,0
1800.0,2120.0,-320.0,0.33,1.0,-0.6699999999999999,0,3,-3,8.311153846153847,9.708076923076923,-1.396923076923077,0,1
2140.0,1800.0,340.0,0.67,0.33,0.34,5,0,5,9.793461538461539,8.064230769230768,1.729230769230771,0,1
2120.0,2140.0,-20.0,1.0,0.67,0.32999999999999996,3,5,-2,9.708076923076923,9.793461538461539,-0.08538461538461561,0,1
2000.0,1800.0,200.0,1.0,0.33,0.6699999999999999,0,0,0,9.767692307692307,8.311153846153847,1.456538461538461,0,1
1690.0,1660.0,30.0,0.0,0.0,0.0,0,0,0,6.010769230769231,6.035,-0.024230769230769056,0,0
1760.0,1690.0,70.0,0.0,0.0,0.0,0,0,0,6.701538461538462,6.0600000000000005,0.6415384615384614,0,1
1800.0,1840.0,-40.0,0.33,0.67,-0.34,0,0,0,8.37076923076923,9.64076923076923,-1.2699999999999996,0,0
1800.0,1710.0,90.0,0.33,0.0,0.33,0,0,0,8.296538461538463,6.001153846153846,2.2953846153846165,1,1
2120.0,1660.0,460.0,1.0,0.0,1.0,3,0,3,9.708076923076923,5.924615384615384,3.7834615384615393,1,1
2090.0,1800.0,290.0,0.67,0.33,0.34,2,0,2,9.792692307692308,8.296538461538463,1.4961538461538453,0,1
1980.0,2060.0,-80.0,0.33,1.0,-0.6699999999999999,0,0,0,9.423461538461538,9.73423076923077,-0.3107692307692318,1,0
1800.0,2120.0,-320.0,0.33,1.0,-0.6699999999999999,0,3,-3,8.296538461538463,9.708076923076923,-1.411538461538461,1,0
2090.0,1660.0,430.0,0.67,0.0,0.67,2,0,2,9.792692307692308,5.924615384615384,3.8680769230769236,0,1
1800.0,1830.0,-30.0,0.33,0.5,-0.16999999999999998,0,0,0,8.153461538461539,8.509615384615385,-0.3561538461538465,0,0
2060.0,2140.0,-80.0,1.0,0.67,0.32999999999999996,0,5,-5,9.73423076923077,9.793461538461539,-0.0592307692307692,1,1
1800.0,1660.0,140.0,0.33,0.0,0.33,0,0,0,8.296538461538463,5.924615384615384,2.3719230769230784,1,0
2090.0,2120.0,-30.0,0.67,1.0,-0.32999999999999996,2,3,-1,9.792692307692308,9.708076923076923,0.08461538461538431,0,2
1980.0,2140.0,-160.0,0.33,0.67,-0.34,0,5,-5,9.423461538461538,9.793461538461539,-0.370000000000001,1,2
2090.0,2140.0,-50.0,0.67,0.67,0.0,2,5,-3,9.792692307692308,9.793461538461539,-0.0007692307692312994,0,0
2060.0,2120.0,-60.0,1.0,1.0,0.0,0,3,-3,9.73423076923077,9.708076923076923,0.026153846153846416,1,2
2140.0,2120.0,20.0,0.67,1.0,-0.32999999999999996,5,3,2,9.793461538461539,9.708076923076923,0.08538461538461561,1,1
2090.0,2060.0,30.0,0.67,1.0,-0.32999999999999996,2,0,2,9.792692307692308,9.73423076923077,0.0584615384615379,0,1
2000.0,1690.0,310.0,1.0,0.0,1.0,0,0,0,9.767692307692307,6.078076923076923,3.6896153846153847,1,0
1800.0,2060.0,-260.0,0.33,1.0,-0.6699999999999999,0,0,0,8.153461538461539,9.73423076923077,-1.5807692307692314,1,1
2060.0,2000.0,60.0,1.0,1.0,0.0,0,0,0,9.73423076923077,9.767692307692307,-0.03346153846153754,1,0
1800.0,1690.0,110.0,0.33,0.0,0.33,0,0,0,8.153461538461539,6.078076923076923,2.075384615384616,1,2
2000.0,1690.0,310.0,1.0,0.0,1.0,0,0,0,9.767692307692307,6.078076923076923,3.6896153846153847,1,0
1780.0,1750.0,30.0,0.5,0.33,0.16999999999999998,0,0,0,7.785,7.341923076923076,0.4430769230769238,0,2
1910.0,2140.0,-230.0,0.5,0.67,-0.17000000000000004,0,5,-5,7.631923076923077,9.793461538461539,-2.161538461538462,0,2
1980.0,1810.0,170.0,0.33,0.0,0.33,0,0,0,9.423461538461538,7.837307692307693,1.5861538461538451,0,1
2140.0,2090.0,50.0,0.67,0.67,0.0,0,2,-2,9.733846153846155,9.792692307692308,-0.05884615384615266,0,2
1840.0,2020.0,-180.0,0.67,0.67,0.0,0,0,0,9.64076923076923,9.796923076923077,-0.1561538461538472,0,0
2080.0,1850.0,230.0,0.5,0.33,0.16999999999999998,0,0,0,9.02076923076923,9.121538461538462,-0.10076923076923094,0,1
1750.0,1830.0,-80.0,0.33,0.5,-0.16999999999999998,0,0,0,8.043076923076923,8.509615384615385,-0.46653846153846246,1,2
2140.0,1890.0,250.0,0.67,0.0,0.67,1,2,-1,9.739230769230769,7.111923076923077,2.627307692307692,0,1
1800.0,2120.0,-320.0,0.33,1.0,-0.6699999999999999,0,3,-3,8.064230769230768,9.708076923076923,-1.6438461538461553,0,1
2140.0,1800.0,340.0,0.67,0.33,0.34,1,0,1,9.739230769230769,9.12346153846154,0.6157692307692297,0,1
1890.0,2000.0,-110.0,0.0,1.0,-1.0,2,0,2,7.111923076923077,9.767692307692307,-2.6557692307692307,0,1
2090.0,1800.0,290.0,0.67,0.33,0.34,2,0,2,9.792692307692308,8.153461538461539,1.6392307692307693,0,1
2060.0,1690.0,370.0,1.0,0.0,1.0,0,0,0,9.73423076923077,6.078076923076923,3.656153846153847,0,1
1840.0,1750.0,90.0,0.67,0.33,0.34,0,0,0,9.64076923076923,7.341923076923076,2.2988461538461538,0,0
1980.0,2140.0,-160.0,0.33,0.67,-0.34,0,1,-1,9.437692307692307,9.739230769230769,-0.30153846153846153,0,0
1910.0,1800.0,110.0,0.5,0.33,0.16999999999999998,0,0,0,7.631923076923077,8.37076923076923,-0.7388461538461533,0,1
1800.0,1890.0,-90.0,0.33,0.0,0.33,0,2,-2,8.311153846153847,7.111923076923077,1.1992307692307698,0,2
2080.0,1780.0,300.0,0.5,0.5,0.0,1,0,1,8.685,7.785,0.9000000000000004,0,1
2020.0,2180.0,-160.0,0.67,1.0,-0.32999999999999996,0,2,-2,9.796923076923077,9.717307692307692,0.07961538461538531,0,2
1660.0,2020.0,-360.0,0.0,0.67,-0.67,0,0,0,5.924615384615384,9.776153846153846,-3.8515384615384622,0,2
1710.0,1660.0,50.0,0.0,0.0,0.0,0,0,0,5.970769230769231,6.035,-0.06423076923076909,0,2
1800.0,2000.0,-200.0,0.33,1.0,-0.6699999999999999,0,0,0,8.064230769230768,9.767692307692307,-1.7034615384615392,0,0
1890.0,2120.0,-230.0,0.0,1.0,-1.0,2,3,-1,7.111923076923077,9.708076923076923,-2.5961538461538467,0,1
2060.0,1890.0,170.0,1.0,0.0,1.0,0,2,-2,9.73423076923077,7.111923076923077,2.622307692307693,0,1
2080.0,2120.0,-40.0,0.5,1.0,-0.5,1,3,-2,8.685,9.708076923076923,-1.023076923076923,1,1
2180.0,2090.0,90.0,1.0,0.67,0.32999999999999996,2,2,0,9.717307692307692,9.792692307692308,-0.07538461538461583,0,2
2080.0,1910.0,170.0,0.5,0.5,0.0,0,0,0,9.02076923076923,7.631923076923077,1.3888461538461536,0,1
1800.0,1750.0,50.0,0.33,0.33,0.0,0,0,0,8.153461538461539,8.043076923076923,0.11038461538461597,0,0
1890.0,1800.0,90.0,0.0,0.33,-0.33,2,0,2,7.111923076923077,8.296538461538463,-1.1846153846153857,0,1
1760.0,1830.0,-70.0,0.0,0.5,-0.5,0,0,0,6.701538461538462,8.509615384615385,-1.8080769230769231,0,0
1800.0,1890.0,-90.0,0.33,0.0,0.33,0,2,-2,8.296538461538463,7.111923076923077,1.1846153846153857,0,1
1850.0,1660.0,190.0,0.33,0.0,0.33,0,0,0,9.121538461538462,5.924615384615384,3.1969230769230776,0,0
1710.0,2120.0,-410.0,0.0,1.0,-1.0,0,3,-3,5.970769230769231,9.708076923076923,-3.7373076923076924,0,0
1660.0,1760.0,-100.0,0.0,0.0,0.0,0,0,0,6.035,6.701538461538462,-0.6665384615384617,1,1
1660.0,1760.0,-100.0,0.0,0.0,0.0,0,0,0,6.035,6.701538461538462,-0.6665384615384617,1,1
1800.0,1750.0,50.0,0.33,0.33,0.0,0,0,0,8.311153846153847,8.043076923076923,0.268076923076924,1,0
1850.0,1750.0,100.0,0.33,0.33,0.0,0,0,0,9.121538461538462,8.043076923076923,1.0784615384615392,0,1
1850.0,1800.0,50.0,0.33,0.33,0.0,0,0,0,9.121538461538462,8.153461538461539,0.9680769230769233,0,0
1660.0,1830.0,-170.0,0.0,0.5,-0.5,0,0,0,5.924615384615384,8.509615384615385,-2.585000000000001,0,1
1760.0,1800.0,-40.0,0.0,0.33,-0.33,0,0,0,6.701538461538462,8.37076923076923,-1.6692307692307686,0,2
1690.0,1800.0,-110.0,0.0,0.33,-0.33,0,0,0,6.010769230769231,8.37076923076923,-2.3599999999999994,1,2
1850.0,2020.0,-170.0,0.33,0.67,-0.34,0,0,0,9.121538461538462,9.776153846153846,-0.6546153846153846,0,2
2060.0,1840.0,220.0,1.0,0.67,0.32999999999999996,0,0,0,9.73423076923077,9.64076923076923,0.09346153846153982,1,1
1660.0,1800.0,-140.0,0.0,0.33,-0.33,0,0,0,5.924615384615384,8.153461538461539,-2.2288461538461544,1,1
1830.0,1750.0,80.0,0.5,0.33,0.16999999999999998,0,0,0,8.509615384615385,8.043076923076923,0.46653846153846246,1,1
1850.0,1750.0,100.0,0.33,0.33,0.0,0,0,0,9.121538461538462,8.043076923076923,1.0784615384615392,0,1
2120.0,1910.0,210.0,1.0,0.5,0.5,3,0,3,9.708076923076923,7.631923076923077,2.0761538461538462,1,0
1780.0,1800.0,-20.0,0.5,0.33,0.16999999999999998,0,0,0,7.785,9.12346153846154,-1.338461538461539,0,0
2080.0,1890.0,190.0,0.5,0.0,0.5,1,2,-1,8.685,7.111923076923077,1.5730769230769237,0,1
2060.0,1830.0,230.0,1.0,0.5,0.5,0,0,0,9.73423076923077,8.509615384615385,1.2246153846153849,1,1
2140.0,1800.0,340.0,0.67,0.33,0.34,0,0,0,9.733846153846155,8.311153846153847,1.4226923076923086,0,1
1710.0,1690.0,20.0,0.0,0.0,0.0,0,0,0,5.970769230769231,6.0600000000000005,-0.08923076923076945,0,1
1760.0,2080.0,-320.0,0.0,0.5,-0.5,0,0,0,6.701538461538462,9.02076923076923,-2.319230769230769,1,0
1750.0,2020.0,-270.0,0.33,0.67,-0.34,0,0,0,7.341923076923076,9.796923076923077,-2.455000000000001,0,0
1750.0,1840.0,-90.0,0.33,0.67,-0.34,0,0,0,8.043076923076923,9.64076923076923,-1.5976923076923075,0,1
1760.0,1660.0,100.0,0.0,0.0,0.0,0,0,0,6.701538461538462,6.035,0.6665384615384617,0,2
2060.0,1800.0,260.0,1.0,0.33,0.6699999999999999,0,0,0,9.73423076923077,8.064230769230768,1.6700000000000017,1,1
1980.0,1800.0,180.0,0.33,0.33,0.0,0,0,0,9.423461538461538,8.311153846153847,1.1123076923076916,0,1
1980.0,1760.0,220.0,0.33,0.0,0.33,0,0,0,9.437692307692307,6.701538461538462,2.7361538461538455,1,1
1980.0,1750.0,230.0,0.33,0.33,0.0,0,0,0,9.423461538461538,7.341923076923076,2.081538461538462,0,2
1780.0,1910.0,-130.0,0.5,0.5,0.0,0,0,0,7.785,7.631923076923077,0.1530769230769229,0,0
2000.0,1800.0,200.0,1.0,0.33,0.6699999999999999,0,0,0,9.767692307692307,8.311153846153847,1.456538461538461,1,2
1840.0,1800.0,40.0,0.67,0.33,0.34,0,0,0,9.64076923076923,8.064230769230768,1.5765384615384619,0,2
2180.0,2060.0,120.0,1.0,1.0,0.0,2,0,2,9.717307692307692,9.73423076923077,-0.01692307692307793,0,1
1910.0,1810.0,100.0,0.5,0.0,0.5,0,0,0,7.631923076923077,7.837307692307693,-0.20538461538461572,0,2
2090.0,1980.0,110.0,0.67,0.33,0.34,2,0,2,9.792692307692308,9.423461538461538,0.3692307692307697,0,2
2140.0,2060.0,80.0,0.67,1.0,-0.32999999999999996,0,0,0,9.733846153846155,9.73423076923077,-0.0003846153846147615,0,1
2090.0,2000.0,90.0,0.67,1.0,-0.32999999999999996,2,0,2,9.792692307692308,9.767692307692307,0.025000000000000355,0,1
1660.0,1890.0,-230.0,0.0,0.0,0.0,0,2,-2,5.924615384615384,7.111923076923077,-1.1873076923076926,0,2
2140.0,1850.0,290.0,0.67,0.33,0.34,1,0,1,9.739230769230769,9.121538461538462,0.6176923076923071,0,1
2140.0,1710.0,430.0,0.67,0.0,0.67,5,0,5,9.793461538461539,6.001153846153846,3.792307692307693,1,1
2000.0,2020.0,-20.0,1.0,0.67,0.32999999999999996,0,0,0,9.767692307692307,9.776153846153846,-0.008461538461538964,1,1
2140.0,1800.0,340.0,0.67,0.33,0.34,0,0,0,9.733846153846155,8.296538461538463,1.4373076923076926,0,2
2140.0,1910.0,230.0,0.67,0.5,0.17000000000000004,1,0,1,9.739230769230769,7.631923076923077,2.1073076923076917,1,1
2080.0,1800.0,280.0,0.5,0.33,0.16999999999999998,1,0,1,8.685,8.064230769230768,0.6207692307692323,1,1
2060.0,1810.0,250.0,1.0,0.0,1.0,0,0,0,9.73423076923077,7.837307692307693,1.896923076923077,1,1
1800.0,1980.0,-180.0,0.33,0.33,0.0,0,0,0,8.296538461538463,9.423461538461538,-1.1269230769230756,1,1
2140.0,1910.0,230.0,0.67,0.5,0.17000000000000004,5,0,5,9.793461538461539,7.631923076923077,2.161538461538462,1,1
2180.0,2020.0,160.0,1.0,0.67,0.32999999999999996,2,0,2,9.717307692307692,9.796923076923077,-0.07961538461538531,1,2
1660.0,1760.0,-100.0,0.0,0.0,0.0,0,0,0,5.924615384615384,6.701538461538462,-0.7769230769230777,1,2
1800.0,1800.0,0.0,0.33,0.33,0.0,0,0,0,8.37076923076923,8.064230769230768,0.3065384615384623,1,1
2080.0,1810.0,270.0,0.5,0.0,0.5,0,0,0,9.02076923076923,7.837307692307693,1.183461538461538,1,1
2140.0,1800.0,340.0,0.67,0.33,0.34,5,0,5,9.793461538461539,8.296538461538463,1.4969230769230766,1,1
1980.0,1910.0,70.0,0.33,0.5,-0.16999999999999998,0,0,0,9.423461538461538,7.631923076923077,1.7915384615384609,1,2
2140.0,1660.0,480.0,0.67,0.0,0.67,1,0,1,9.739230769230769,5.924615384615384,3.8146153846153847,1,1
2090.0,1800.0,290.0,0.67,0.33,0.34,2,0,2,9.792692307692308,8.311153846153847,1.4815384615384612,0,1
1800.0,2080.0,-280.0,0.33,0.5,-0.16999999999999998,0,1,-1,8.37076923076923,8.685,-0.31423076923077,1,2
2140.0,2120.0,20.0,0.67,1.0,-0.32999999999999996,0,3,-3,9.733846153846155,9.708076923076923,0.025769230769231655,1,2
2080.0,2060.0,20.0,0.5,1.0,-0.5,0,0,0,9.02076923076923,9.73423076923077,-0.713461538461539,1,1
1910.0,1800.0,110.0,0.5,0.33,0.16999999999999998,0,0,0,7.631923076923077,8.296538461538463,-0.6646153846153853,1,2
1980.0,2140.0,-160.0,0.33,0.67,-0.34,0,5,-5,9.423461538461538,9.793461538461539,-0.370000000000001,1,0
1760.0,2140.0,-380.0,0.0,0.67,-0.67,0,1,-1,6.701538461538462,9.739230769230769,-3.037692307692307,1,0
2120.0,2060.0,60.0,1.0,1.0,0.0,3,0,3,9.708076923076923,9.73423076923077,-0.026153846153846416,1,1
2090.0,1800.0,290.0,0.67,0.33,0.34,2,0,2,9.792692307692308,8.37076923076923,1.4219230769230773,0,1
2080.0,1800.0,280.0,0.5,0.33,0.16999999999999998,1,0,1,8.685,8.311153846153847,0.37384615384615394,1,1
2080.0,2140.0,-60.0,0.5,0.67,-0.17000000000000004,0,0,0,9.02076923076923,9.733846153846155,-0.7130769230769243,1,1
2140.0,1830.0,310.0,0.67,0.5,0.17000000000000004,5,0,5,9.793461538461539,8.509615384615385,1.283846153846154,1,1
2140.0,2180.0,-40.0,0.67,1.0,-0.32999999999999996,1,2,-1,9.739230769230769,9.717307692307692,0.021923076923076934,1,0
2090.0,2120.0,-30.0,0.67,1.0,-0.32999999999999996,2,3,-1,9.792692307692308,9.708076923076923,0.08461538461538431,0,2
2140.0,2180.0,-40.0,0.67,1.0,-0.32999999999999996,5,2,3,9.793461538461539,9.717307692307692,0.07615384615384713,1,0
2080.0,2080.0,0.0,0.5,0.5,0.0,1,0,1,8.685,9.02076923076923,-0.3357692307692304,1,2
2080.0,2180.0,-100.0,0.5,1.0,-0.5,0,2,-2,9.02076923076923,9.717307692307692,-0.6965384615384611,1,0
2090.0,2080.0,10.0,0.67,0.5,0.17000000000000004,2,0,2,9.792692307692308,9.02076923076923,0.7719230769230769,0,1
1690.0,1660.0,30.0,0.0,0.0,0.0,0,0,0,6.010769230769231,6.035,-0.024230769230769056,0,1
1690.0,1660.0,30.0,0.0,0.0,0.0,0,0,0,6.010769230769231,6.035,-0.024230769230769056,0,0
1850.0,1890.0,-40.0,0.33,0.0,0.33,0,2,-2,9.121538461538462,7.111923076923077,2.009615384615385,0,0
2090.0,1800.0,290.0,0.67,0.33,0.34,2,0,2,9.792692307692308,8.37076923076923,1.4219230769230773,0,1
1840.0,2140.0,-300.0,0.67,0.67,0.0,0,5,-5,9.64076923076923,9.793461538461539,-0.15269230769230902,0,2
2120.0,2140.0,-20.0,1.0,0.67,0.32999999999999996,3,5,-2,9.708076923076923,9.793461538461539,-0.08538461538461561,1,0
1760.0,1980.0,-220.0,0.0,0.33,-0.33,0,0,0,6.701538461538462,9.423461538461538,-2.7219230769230762,0,1
1810.0,1660.0,150.0,0.0,0.0,0.0,0,0,0,7.837307692307693,6.035,1.8023076923076928,1,1
1980.0,1830.0,150.0,0.33,0.5,-0.16999999999999998,0,0,0,9.423461538461538,8.509615384615385,0.9138461538461531,0,0
1690.0,1810.0,-120.0,0.0,0.0,0.0,0,0,0,6.010769230769231,7.837307692307693,-1.8265384615384619,0,2
1800.0,1800.0,0.0,0.33,0.33,0.0,0,0,0,8.296538461538463,8.064230769230768,0.23230769230769432,0,2
1750.0,2180.0,-430.0,0.33,1.0,-0.6699999999999999,0,2,-2,7.341923076923076,9.717307692307692,-2.3753846153846156,0,1
1800.0,2140.0,-340.0,0.33,0.67,-0.34,0,1,-1,8.37076923076923,9.739230769230769,-1.3684615384615384,0,1
2140.0,1800.0,340.0,0.67,0.33,0.34,5,0,5,9.793461538461539,8.311153846153847,1.4823076923076925,1,1
1780.0,2020.0,-240.0,0.5,0.67,-0.17000000000000004,0,0,0,7.785,9.796923076923077,-2.011923076923077,0,1
1910.0,2080.0,-170.0,0.5,0.5,0.0,0,1,-1,7.631923076923077,8.685,-1.0530769230769232,0,1
2140.0,2120.0,20.0,0.67,1.0,-0.32999999999999996,1,3,-2,9.739230769230769,9.708076923076923,0.03115384615384542,0,1
1760.0,1690.0,70.0,0.0,0.0,0.0,0,0,0,6.701538461538462,6.010769230769231,0.6907692307692308,0,1
1800.0,1830.0,-30.0,0.33,0.5,-0.16999999999999998,0,0,0,8.296538461538463,8.509615384615385,-0.2130769230769225,1,2
1850.0,1800.0,50.0,0.33,0.33,0.0,0,0,0,9.121538461538462,8.153461538461539,0.9680769230769233,1,1
1980.0,1760.0,220.0,0.33,0.0,0.33,0,0,0,9.423461538461538,6.701538461538462,2.7219230769230762,0,1
2140.0,2080.0,60.0,0.67,0.5,0.17000000000000004,0,1,-1,9.733846153846155,8.685,1.0488461538461546,0,2
2020.0,2140.0,-120.0,0.67,0.67,0.0,0,5,-5,9.796923076923077,9.793461538461539,0.003461538461538183,0,0
1690.0,1710.0,-20.0,0.0,0.0,0.0,0,0,0,6.0600000000000005,5.970769230769231,0.08923076923076945,0,1
1800.0,1800.0,0.0,0.33,0.33,0.0,0,0,0,8.311153846153847,8.37076923076923,-0.05961538461538396,0,1
1710.0,1660.0,50.0,0.0,0.0,0.0,0,0,0,5.970769230769231,6.035,-0.06423076923076909,1,0
1800.0,1800.0,0.0,0.33,0.33,0.0,0,0,0,8.311153846153847,8.37076923076923,-0.05961538461538396,0,2
1760.0,1710.0,50.0,0.0,0.0,0.0,0,0,0,6.701538461538462,5.970769230769231,0.7307692307692308,1,2
1760.0,1660.0,100.0,0.0,0.0,0.0,0,0,0,6.701538461538462,6.035,0.6665384615384617,1,1
2080.0,2140.0,-60.0,0.5,0.67,-0.17000000000000004,0,5,-5,9.02076923076923,9.793461538461539,-0.7726923076923082,1,1
2000.0,1890.0,110.0,1.0,0.0,1.0,0,2,-2,9.767692307692307,7.111923076923077,2.6557692307692307,0,0
1910.0,1840.0,70.0,0.5,0.67,-0.17000000000000004,0,0,0,7.631923076923077,9.64076923076923,-2.008846153846153,0,1
1850.0,1800.0,50.0,0.33,0.33,0.0,0,0,0,9.121538461538462,8.37076923076923,0.7507692307692313,0,1
2080.0,2140.0,-60.0,0.5,0.67,-0.17000000000000004,1,1,0,8.685,9.739230769230769,-1.0542307692307684,0,0
2180.0,2120.0,60.0,1.0,1.0,0.0,2,3,-1,9.717307692307692,9.708076923076923,0.009230769230768487,0,0
2090.0,2020.0,70.0,0.67,0.67,0.0,2,0,2,9.792692307692308,9.796923076923077,-0.004230769230769482,0,1
2020.0,1660.0,360.0,0.67,0.0,0.67,0,0,0,9.776153846153846,5.924615384615384,3.8515384615384622,0,2
1780.0,1830.0,-50.0,0.5,0.5,0.0,0,0,0,7.785,8.509615384615385,-0.7246153846153849,0,2
1660.0,1690.0,-30.0,0.0,0.0,0.0,0,0,0,6.056538461538461,6.078076923076923,-0.021538461538461284,1,1
2080.0,1980.0,100.0,0.5,0.33,0.16999999999999998,0,0,0,9.02076923076923,9.437692307692307,-0.4169230769230765,0,1
1710.0,1810.0,-100.0,0.0,0.0,0.0,0,0,0,5.970769230769231,7.837307692307693,-1.866538461538462,0,0
2000.0,2020.0,-20.0,1.0,0.67,0.32999999999999996,0,0,0,9.767692307692307,9.796923076923077,-0.029230769230769837,1,1
2060.0,1800.0,260.0,1.0,0.33,0.6699999999999999,0,0,0,9.73423076923077,8.064230769230768,1.6700000000000017,0,1
2140.0,1830.0,310.0,0.67,0.5,0.17000000000000004,5,0,5,9.793461538461539,8.509615384615385,1.283846153846154,1,1
2000.0,1800.0,200.0,1.0,0.33,0.6699999999999999,0,0,0,9.767692307692307,8.064230769230768,1.7034615384615392,0,1
2180.0,1780.0,400.0,1.0,0.5,0.5,2,0,2,9.717307692307692,7.785,1.9323076923076918,0,1
2060.0,1800.0,260.0,1.0,0.33,0.6699999999999999,0,0,0,9.73423076923077,8.311153846153847,1.4230769230769234,1,1
1690.0,2000.0,-310.0,0.0,1.0,-1.0,0,0,0,6.078076923076923,9.767692307692307,-3.6896153846153847,0,0
1780.0,1750.0,30.0,0.5,0.33,0.16999999999999998,0,0,0,7.785,7.341923076923076,0.4430769230769238,0,0
2080.0,2140.0,-60.0,0.5,0.67,-0.17000000000000004,1,5,-4,8.685,9.793461538461539,-1.1084615384615386,0,2
1800.0,1890.0,-90.0,0.33,0.0,0.33,0,2,-2,8.296538461538463,7.111923076923077,1.1846153846153857,0,0
1780.0,1800.0,-20.0,0.5,0.33,0.16999999999999998,0,0,0,7.785,8.064230769230768,-0.27923076923076806,0,2
1980.0,2080.0,-100.0,0.33,0.5,-0.16999999999999998,0,0,0,9.437692307692307,9.02076923076923,0.4169230769230765,0,0
2060.0,1810.0,250.0,1.0,0.0,1.0,0,0,0,9.73423076923077,7.837307692307693,1.896923076923077,0,1
2020.0,2120.0,-100.0,0.67,1.0,-0.32999999999999996,0,3,-3,9.796923076923077,9.708076923076923,0.0888461538461538,0,2
1780.0,2120.0,-340.0,0.5,1.0,-0.5,0,3,-3,7.485769230769231,9.708076923076923,-2.2223076923076928,1,0
1980.0,2000.0,-20.0,0.33,1.0,-0.6699999999999999,0,0,0,9.423461538461538,9.767692307692307,-0.34423076923076934,0,2
2060.0,1800.0,260.0,1.0,0.33,0.6699999999999999,0,0,0,9.73423076923077,8.064230769230768,1.6700000000000017,0,0
1690.0,1660.0,30.0,0.0,0.0,0.0,0,0,0,6.010769230769231,6.035,-0.024230769230769056,0,2
1660.0,1800.0,-140.0,0.0,0.33,-0.33,0,0,0,6.056538461538461,9.12346153846154,-3.0669230769230778,1,0
1690.0,1660.0,30.0,0.0,0.0,0.0,0,0,0,6.010769230769231,6.035,-0.024230769230769056,0,2
2060.0,1690.0,370.0,1.0,0.0,1.0,0,0,0,9.73423076923077,6.078076923076923,3.656153846153847,1,1
1810.0,1660.0,150.0,0.0,0.0,0.0,0,0,0,7.837307692307693,6.035,1.8023076923076928,1,2
1690.0,1810.0,-120.0,0.0,0.0,0.0,0,0,0,6.010769230769231,7.837307692307693,-1.8265384615384619,0,0
2000.0,1800.0,200.0,1.0,0.33,0.6699999999999999,0,0,0,9.767692307692307,8.311153846153847,1.456538461538461,0,1
1660.0,1810.0,-150.0,0.0,0.0,0.0,0,0,0,6.035,7.837307692307693,-1.8023076923076928,1,0
2140.0,2060.0,80.0,0.67,1.0,-0.32999999999999996,5,0,5,9.793461538461539,9.73423076923077,0.0592307692307692,1,0
1800.0,2000.0,-200.0,0.33,1.0,-0.6699999999999999,0,0,0,8.064230769230768,9.767692307692307,-1.7034615384615392,1,1
2060.0,1800.0,260.0,1.0,0.33,0.6699999999999999,0,0,0,9.73423076923077,8.311153846153847,1.4230769230769234,1,1
2120.0,2000.0,120.0,1.0,1.0,0.0,3,0,3,9.708076923076923,9.767692307692307,-0.05961538461538396,1,1
1660.0,1690.0,-30.0,0.0,0.0,0.0,0,0,0,6.035,6.0600000000000005,-0.025000000000000355,1,0
2140.0,1800.0,340.0,0.67,0.33,0.34,5,0,5,9.793461538461539,8.311153846153847,1.4823076923076925,1,1
2120.0,1800.0,320.0,1.0,0.33,0.6699999999999999,3,0,3,9.708076923076923,8.064230769230768,1.6438461538461553,1,1
2060.0,1800.0,260.0,1.0,0.33,0.6699999999999999,0,0,0,9.73423076923077,8.064230769230768,1.6700000000000017,1,1
1980.0,1710.0,270.0,0.33,0.0,0.33,0,0,0,9.423461538461538,5.970769230769231,3.452692307692307,1,2
1890.0,2140.0,-250.0,0.0,0.67,-0.67,2,5,-3,7.111923076923077,9.793461538461539,-2.6815384615384623,1,2
1810.0,1690.0,120.0,0.0,0.0,0.0,0,0,0,7.837307692307693,6.0600000000000005,1.7773076923076925,1,1
2060.0,2120.0,-60.0,1.0,1.0,0.0,0,3,-3,9.73423076923077,9.708076923076923,0.026153846153846416,1,0
1660.0,1800.0,-140.0,0.0,0.33,-0.33,0,0,0,6.035,8.296538461538463,-2.2615384615384624,1,1
2060.0,1890.0,170.0,1.0,0.0,1.0,0,2,-2,9.73423076923077,7.111923076923077,2.622307692307693,1,1
2140.0,2120.0,20.0,0.67,1.0,-0.32999999999999996,5,3,2,9.793461538461539,9.708076923076923,0.08538461538461561,1,1
1980.0,1800.0,180.0,0.33,0.33,0.0,0,0,0,9.423461538461538,8.296538461538463,1.1269230769230756,1,2
1760.0,1690.0,70.0,0.0,0.0,0.0,0,0,0,6.701538461538462,6.0600000000000005,0.6415384615384614,1,1
1980.0,1760.0,220.0,0.33,0.0,0.33,0,0,0,9.423461538461538,6.701538461538462,2.7219230769230762,1,0
1660.0,1760.0,-100.0,0.0,0.0,0.0,0,0,0,6.035,6.701538461538462,-0.6665384615384617,1,1
1830.0,1750.0,80.0,0.5,0.33,0.16999999999999998,0,0,0,8.509615384615385,8.043076923076923,0.46653846153846246,1,2
1780.0,2140.0,-360.0,0.5,0.67,-0.17000000000000004,0,5,-5,7.485769230769231,9.793461538461539,-2.3076923076923084,1,0
2080.0,2090.0,-10.0,0.5,0.67,-0.17000000000000004,1,2,-1,8.685,9.792692307692308,-1.1076923076923073,0,0
2060.0,2000.0,60.0,1.0,1.0,0.0,0,0,0,9.73423076923077,9.767692307692307,-0.03346153846153754,1,0
1840.0,2120.0,-280.0,0.67,1.0,-0.32999999999999996,0,3,-3,9.64076923076923,9.708076923076923,-0.0673076923076934,0,1
1750.0,1800.0,-50.0,0.33,0.33,0.0,0,0,0,7.341923076923076,8.153461538461539,-0.8115384615384622,0,1
2020.0,2140.0,-120.0,0.67,0.67,0.0,0,0,0,9.796923076923077,9.733846153846155,0.06307692307692214,0,1
1780.0,1980.0,-200.0,0.5,0.33,0.16999999999999998,0,0,0,7.785,9.423461538461538,-1.638461538461538,0,2
2020.0,1830.0,190.0,0.67,0.5,0.17000000000000004,0,0,0,9.776153846153846,8.509615384615385,1.2665384615384614,1,0
2060.0,1690.0,370.0,1.0,0.0,1.0,0,0,0,9.73423076923077,6.078076923076923,3.656153846153847,0,1
1800.0,2120.0,-320.0,0.33,1.0,-0.6699999999999999,0,3,-3,8.296538461538463,9.708076923076923,-1.411538461538461,0,0
1760.0,1830.0,-70.0,0.0,0.5,-0.5,0,0,0,6.701538461538462,8.509615384615385,-1.8080769230769231,0,1
2020.0,1980.0,40.0,0.67,0.33,0.34,0,0,0,9.796923076923077,9.423461538461538,0.3734615384615392,1,0
2000.0,1800.0,200.0,1.0,0.33,0.6699999999999999,0,0,0,9.767692307692307,8.064230769230768,1.7034615384615392,0,1
2180.0,1750.0,430.0,1.0,0.33,0.6699999999999999,2,0,2,9.717307692307692,7.341923076923076,2.3753846153846156,0,0
2060.0,2140.0,-80.0,1.0,0.67,0.32999999999999996,0,5,-5,9.73423076923077,9.793461538461539,-0.0592307692307692,1,0
1800.0,1890.0,-90.0,0.33,0.0,0.33,0,2,-2,8.153461538461539,7.111923076923077,1.0415384615384617,0,2
2020.0,1780.0,240.0,0.67,0.5,0.17000000000000004,0,0,0,9.796923076923077,7.785,2.011923076923077,0,1
2000.0,2140.0,-140.0,1.0,0.67,0.32999999999999996,0,5,-5,9.767692307692307,9.793461538461539,-0.025769230769231655,0,2
1710.0,1660.0,50.0,0.0,0.0,0.0,0,0,0,5.970769230769231,6.035,-0.06423076923076909,0,1
2140.0,1800.0,340.0,0.67,0.33,0.34,5,0,5,9.793461538461539,8.311153846153847,1.4823076923076925,0,1
1980.0,1850.0,130.0,0.33,0.33,0.0,0,0,0,9.423461538461538,9.121538461538462,0.3019230769230763,0,1
1800.0,1890.0,-90.0,0.33,0.0,0.33,0,2,-2,8.064230769230768,7.111923076923077,0.9523076923076914,0,1
1780.0,2080.0,-300.0,0.5,0.5,0.0,0,1,-1,7.785,8.685,-0.9000000000000004,0,0
2180.0,2020.0,160.0,1.0,0.67,0.32999999999999996,2,0,2,9.717307692307692,9.776153846153846,-0.058846153846154436,0,2
1800.0,1800.0,0.0,0.33,0.33,0.0,0,0,0,8.064230769230768,8.311153846153847,-0.24692307692307836,0,1
2140.0,1800.0,340.0,0.67,0.33,0.34,1,0,1,9.739230769230769,8.37076923076923,1.3684615384615384,0,1
2000.0,2120.0,-120.0,1.0,1.0,0.0,0,3,-3,9.767692307692307,9.708076923076923,0.05961538461538396,0,1
1800.0,1800.0,0.0,0.33,0.33,0.0,0,0,0,8.153461538461539,9.12346153846154,-0.9700000000000006,0,1
1780.0,1660.0,120.0,0.5,0.0,0.5,0,0,0,7.785,5.924615384615384,1.860384615384616,0,2
2140.0,1890.0,250.0,0.67,0.0,0.67,5,2,3,9.793461538461539,7.111923076923077,2.6815384615384623,0,1
2080.0,1910.0,170.0,0.5,0.5,0.0,1,0,1,8.685,7.631923076923077,1.0530769230769232,0,0
2020.0,1750.0,270.0,0.67,0.33,0.34,0,0,0,9.776153846153846,8.043076923076923,1.7330769230769238,1,1
1710.0,1810.0,-100.0,0.0,0.0,0.0,0,0,0,5.970769230769231,7.837307692307693,-1.866538461538462,0,2
1660.0,1750.0,-90.0,0.0,0.33,-0.33,0,0,0,5.924615384615384,8.043076923076923,-2.1184615384615384,1,2
1660.0,1690.0,-30.0,0.0,0.0,0.0,0,0,0,6.035,6.010769230769231,0.024230769230769056,1,2
1660.0,1800.0,-140.0,0.0,0.33,-0.33,0,0,0,5.924615384615384,8.153461538461539,-2.2288461538461544,1,1
1830.0,2020.0,-190.0,0.5,0.67,-0.17000000000000004,0,0,0,8.509615384615385,9.776153846153846,-1.2665384615384614,0,1
1750.0,1800.0,-50.0,0.33,0.33,0.0,0,0,0,8.043076923076923,8.153461538461539,-0.11038461538461597,1,2
1800.0,1710.0,90.0,0.33,0.0,0.33,0,0,0,8.296538461538463,5.970769230769231,2.3257692307692315,0,1
1780.0,2090.0,-310.0,0.5,0.67,-0.17000000000000004,0,2,-2,7.785,9.792692307692308,-2.0076923076923077,0,0
1910.0,2140.0,-230.0,0.5,0.67,-0.17000000000000004,0,0,0,7.631923076923077,9.733846153846155,-2.101923076923078,0,0
2080.0,2020.0,60.0,0.5,0.67,-0.17000000000000004,1,0,1,8.685,9.796923076923077,-1.1119230769230768,0,1
2140.0,2180.0,-40.0,0.67,1.0,-0.32999999999999996,1,2,-1,9.739230769230769,9.717307692307692,0.021923076923076934,0,1
1890.0,2000.0,-110.0,0.0,1.0,-1.0,2,0,2,7.111923076923077,9.767692307692307,-2.6557692307692307,0,2
1710.0,1690.0,20.0,0.0,0.0,0.0,0,0,0,5.970769230769231,6.010769230769231,-0.040000000000000036,0,1
1690.0,1690.0,0.0,0.0,0.0,0.0,0,0,0,6.0600000000000005,6.010769230769231,0.04923076923076941,0,1
1780.0,2140.0,-360.0,0.5,0.67,-0.17000000000000004,0,0,0,7.785,9.733846153846155,-1.948846153846155,0,0
1980.0,2020.0,-40.0,0.33,0.67,-0.34,0,0,0,9.437692307692307,9.776153846153846,-0.33846153846153904,0,0
2140.0,1800.0,340.0,0.67,0.33,0.34,5,0,5,9.793461538461539,8.37076923076923,1.4226923076923086,1,1
1800.0,1660.0,140.0,0.33,0.0,0.33,0,0,0,8.311153846153847,6.056538461538461,2.254615384615385,0,1
1850.0,2120.0,-270.0,0.33,1.0,-0.6699999999999999,0,3,-3,9.121538461538462,9.708076923076923,-0.5865384615384617,0,0
2180.0,2080.0,100.0,1.0,0.5,0.5,2,1,1,9.717307692307692,8.685,1.0323076923076915,0,1
1830.0,2060.0,-230.0,0.5,1.0,-0.5,0,0,0,8.509615384615385,9.73423076923077,-1.2246153846153849,1,0
1710.0,1660.0,50.0,0.0,0.0,0.0,0,0,0,5.970769230769231,6.035,-0.06423076923076909,0,1
1750.0,1910.0,-160.0,0.33,0.5,-0.16999999999999998,0,0,0,7.341923076923076,7.631923076923077,-0.2900000000000009,0,2
1800.0,1800.0,0.0,0.33,0.33,0.0,0,0,0,8.153461538461539,8.064230769230768,0.08923076923077033,0,1
2020.0,2090.0,-70.0,0.67,0.67,0.0,0,2,-2,9.796923076923077,9.792692307692308,0.004230769230769482,0,0
1690.0,1760.0,-70.0,0.0,0.0,0.0,0,0,0,6.0600000000000005,6.701538461538462,-0.6415384615384614,0,1
1800.0,1830.0,-30.0,0.33,0.5,-0.16999999999999998,0,0,0,8.296538461538463,8.509615384615385,-0.2130769230769225,0,1
2180.0,1800.0,380.0,1.0,0.33,0.6699999999999999,2,0,2,9.717307692307692,8.311153846153847,1.4061538461538454,0,1
1980.0,1800.0,180.0,0.33,0.33,0.0,0,0,0,9.423461538461538,8.064230769230768,1.35923076923077,0,2
1840.0,1890.0,-50.0,0.67,0.0,0.67,0,2,-2,9.64076923076923,7.111923076923077,2.5288461538461533,0,2
2140.0,1800.0,340.0,0.67,0.33,0.34,5,0,5,9.793461538461539,9.12346153846154,0.6699999999999999,1,1
2180.0,1800.0,380.0,1.0,0.33,0.6699999999999999,2,0,2,9.717307692307692,8.064230769230768,1.6530769230769238,0,2
1750.0,1780.0,-30.0,0.33,0.5,-0.16999999999999998,0,0,0,8.043076923076923,7.485769230769231,0.5573076923076918,0,1
1800.0,1660.0,140.0,0.33,0.0,0.33,0,0,0,8.296538461538463,6.035,2.2615384615384624,0,1
2180.0,2000.0,180.0,1.0,1.0,0.0,2,0,2,9.717307692307692,9.767692307692307,-0.05038461538461547,0,1
2060.0,2120.0,-60.0,1.0,1.0,0.0,0,3,-3,9.73423076923077,9.708076923076923,0.026153846153846416,1,0
1690.0,1800.0,-110.0,0.0,0.33,-0.33,0,0,0,6.078076923076923,9.12346153846154,-3.0453846153846165,1,2
1660.0,1800.0,-140.0,0.0,0.33,-0.33,0,0,0,6.035,8.296538461538463,-2.2615384615384624,1,1
1780.0,1910.0,-130.0,0.5,0.5,0.0,0,0,0,7.785,7.631923076923077,0.1530769230769229,0,0
1910.0,2090.0,-180.0,0.5,0.67,-0.17000000000000004,0,2,-2,7.631923076923077,9.792692307692308,-2.1607692307692306,1,1
2140.0,2180.0,-40.0,0.67,1.0,-0.32999999999999996,0,2,-2,9.733846153846155,9.717307692307692,0.016538461538463167,1,1
1710.0,1800.0,-90.0,0.0,0.33,-0.33,0,0,0,5.970769230769231,8.296538461538463,-2.3257692307692315,0,0
1800.0,2140.0,-340.0,0.33,0.67,-0.34,0,1,-1,8.37076923076923,9.739230769230769,-1.3684615384615384,1,0
2120.0,1800.0,320.0,1.0,0.33,0.6699999999999999,3,0,3,9.708076923076923,8.311153846153847,1.396923076923077,0,2
1660.0,1710.0,-50.0,0.0,0.0,0.0,0,0,0,6.056538461538461,6.03423076923077,0.022307692307691696,0,2
1800.0,2140.0,-340.0,0.33,0.67,-0.34,0,5,-5,8.064230769230768,9.793461538461539,-1.729230769230771,0,1
2020.0,2080.0,-60.0,0.67,0.5,0.17000000000000004,0,0,0,9.796923076923077,9.02076923076923,0.7761538461538464,0,1
1780.0,2090.0,-310.0,0.5,0.67,-0.17000000000000004,0,2,-2,7.785,9.792692307692308,-2.0076923076923077,0,0
1800.0,2000.0,-200.0,0.33,1.0,-0.6699999999999999,0,0,0,8.311153846153847,9.767692307692307,-1.456538461538461,0,2
2140.0,2120.0,20.0,0.67,1.0,-0.32999999999999996,5,3,2,9.793461538461539,9.708076923076923,0.08538461538461561,0,2
2080.0,2090.0,-10.0,0.5,0.67,-0.17000000000000004,0,2,-2,9.02076923076923,9.792692307692308,-0.7719230769230769,1,0
1710.0,1660.0,50.0,0.0,0.0,0.0,0,0,0,6.03423076923077,6.056538461538461,-0.022307692307691696,0,0
1660.0,1710.0,-50.0,0.0,0.0,0.0,0,0,0,6.035,5.970769230769231,0.06423076923076909,1,0
1760.0,1690.0,70.0,0.0,0.0,0.0,0,0,0,6.701538461538462,6.0600000000000005,0.6415384615384614,0,1
2090.0,2140.0,-50.0,0.67,0.67,0.0,2,1,1,9.792692307692308,9.739230769230769,0.05346153846153889,1,0
1810.0,1710.0,100.0,0.0,0.0,0.0,0,0,0,7.837307692307693,5.970769230769231,1.866538461538462,0,1
1690.0,1710.0,-20.0,0.0,0.0,0.0,0,0,0,6.010769230769231,5.970769230769231,0.040000000000000036,1,1
1810.0,1690.0,120.0,0.0,0.0,0.0,0,0,0,7.837307692307693,6.010769230769231,1.8265384615384619,0,1
1800.0,1800.0,0.0,0.33,0.33,0.0,0,0,0,8.296538461538463,8.153461538461539,0.143076923076924,1,2
2000.0,1800.0,200.0,1.0,0.33,0.6699999999999999,0,0,0,9.767692307692307,8.311153846153847,1.456538461538461,1,0
2090.0,1980.0,110.0,0.67,0.33,0.34,2,0,2,9.792692307692308,9.437692307692307,0.3550000000000004,0,1
1980.0,1890.0,90.0,0.33,0.0,0.33,0,2,-2,9.423461538461538,7.111923076923077,2.3115384615384613,0,0
1760.0,1800.0,-40.0,0.0,0.33,-0.33,0,0,0,6.701538461538462,8.064230769230768,-1.3626923076923063,1,2
1800.0,2180.0,-380.0,0.33,1.0,-0.6699999999999999,0,2,-2,8.37076923076923,9.717307692307692,-1.3465384615384615,0,0
1760.0,1710.0,50.0,0.0,0.0,0.0,0,0,0,6.701538461538462,5.970769230769231,0.7307692307692308,0,1
1780.0,1750.0,30.0,0.5,0.33,0.16999999999999998,0,0,0,7.485769230769231,8.043076923076923,-0.5573076923076918,0,1
2120.0,1800.0,320.0,1.0,0.33,0.6699999999999999,3,0,3,9.708076923076923,8.064230769230768,1.6438461538461553,0,2
1780.0,2180.0,-400.0,0.5,1.0,-0.5,0,2,-2,7.785,9.717307692307692,-1.9323076923076918,0,1
2000.0,1890.0,110.0,1.0,0.0,1.0,0,2,-2,9.767692307692307,7.111923076923077,2.6557692307692307,0,0
2140.0,1800.0,340.0,0.67,0.33,0.34,0,0,0,9.733846153846155,8.296538461538463,1.4373076923076926,0,0
1710.0,1690.0,20.0,0.0,0.0,0.0,0,0,0,5.970769230769231,6.0600000000000005,-0.08923076923076945,0,1
1760.0,1810.0,-50.0,0.0,0.0,0.0,0,0,0,6.701538461538462,7.837307692307693,-1.135769230769231,0,2
1910.0,2080.0,-170.0,0.5,0.5,0.0,0,1,-1,7.631923076923077,8.685,-1.0530769230769232,0,0
2060.0,1800.0,260.0,1.0,0.33,0.6699999999999999,0,0,0,9.73423076923077,9.12346153846154,0.6107692307692307,0,1
1890.0,1800.0,90.0,0.0,0.33,-0.33,2,0,2,7.111923076923077,8.311153846153847,-1.1992307692307698,0,2
1690.0,1800.0,-110.0,0.0,0.33,-0.33,0,0,0,6.0600000000000005,8.296538461538463,-2.236538461538462,0,0
2120.0,1890.0,230.0,1.0,0.0,1.0,3,2,1,9.708076923076923,7.111923076923077,2.5961538461538467,0,1
2000.0,1800.0,200.0,1.0,0.33,0.6699999999999999,0,0,0,9.767692307692307,8.064230769230768,1.7034615384615392,0,0
1750.0,1840.0,-90.0,0.33,0.67,-0.34,0,0,0,7.341923076923076,9.64076923076923,-2.2988461538461538,0,2
1800.0,2080.0,-280.0,0.33,0.5,-0.16999999999999998,0,0,0,8.37076923076923,9.02076923076923,-0.6500000000000004,0,2
2180.0,1660.0,520.0,1.0,0.0,1.0,2,0,2,9.717307692307692,5.924615384615384,3.792692307692308,0,1
1800.0,1710.0,90.0,0.33,0.0,0.33,0,0,0,8.296538461538463,5.970769230769231,2.3257692307692315,0,1
1980.0,2140.0,-160.0,0.33,0.67,-0.34,0,1,-1,9.437692307692307,9.739230769230769,-0.30153846153846153,0,0
2140.0,2000.0,140.0,0.67,1.0,-0.32999999999999996,5,0,5,9.793461538461539,9.767692307692307,0.025769230769231655,0,2
1800.0,2060.0,-260.0,0.33,1.0,-0.6699999999999999,0,0,0,9.12346153846154,9.73423076923077,-0.6107692307692307,0,2
1980.0,1690.0,290.0,0.33,0.0,0.33,0,0,0,9.423461538461538,6.0600000000000005,3.3634615384615376,0,2
1840.0,2140.0,-300.0,0.67,0.67,0.0,0,0,0,9.64076923076923,9.733846153846155,-0.09307692307692506,0,0
1800.0,1830.0,-30.0,0.33,0.5,-0.16999999999999998,0,0,0,8.153461538461539,8.509615384615385,-0.3561538461538465,0,1
1710.0,1810.0,-100.0,0.0,0.0,0.0,0,0,0,5.970769230769231,7.837307692307693,-1.866538461538462,0,0
2060.0,1800.0,260.0,1.0,0.33,0.6699999999999999,0,0,0,9.73423076923077,8.311153846153847,1.4230769230769234,1,1
2140.0,2080.0,60.0,0.67,0.5,0.17000000000000004,5,0,5,9.793461538461539,9.02076923076923,0.7726923076923082,0,1
2180.0,1890.0,290.0,1.0,0.0,1.0,2,2,0,9.717307692307692,7.111923076923077,2.605384615384615,0,2
2090.0,2080.0,10.0,0.67,0.5,0.17000000000000004,2,1,1,9.792692307692308,8.685,1.1076923076923073,0,0
1830.0,1660.0,170.0,0.5,0.0,0.5,0,0,0,8.509615384615385,5.924615384615384,2.585000000000001,0,2
2140.0,1800.0,340.0,0.67,0.33,0.34,0,0,0,9.733846153846155,8.37076923076923,1.3630769230769246,0,1
1710.0,1980.0,-270.0,0.0,0.33,-0.33,0,0,0,5.970769230769231,9.423461538461538,-3.452692307692307,0,0
1750.0,2120.0,-370.0,0.33,1.0,-0.6699999999999999,0,3,-3,7.341923076923076,9.708076923076923,-2.366153846153847,0,0
1810.0,1800.0,10.0,0.0,0.33,-0.33,0,0,0,7.837307692307693,8.311153846153847,-0.4738461538461536,1,0
1760.0,1710.0,50.0,0.0,0.0,0.0,0,0,0,6.701538461538462,5.970769230769231,0.7307692307692308,1,2
2060.0,1800.0,260.0,1.0,0.33,0.6699999999999999,0,0,0,9.73423076923077,8.37076923076923,1.3634615384615394,1,0
1780.0,1800.0,-20.0,0.5,0.33,0.16999999999999998,0,0,0,7.785,8.37076923076923,-0.5857692307692304,0,0
2000.0,1660.0,340.0,1.0,0.0,1.0,0,0,0,9.767692307692307,6.056538461538461,3.711153846153846,0,1
1850.0,1830.0,20.0,0.33,0.5,-0.16999999999999998,0,0,0,9.121538461538462,8.509615384615385,0.6119230769230768,0,2
2180.0,2120.0,60.0,1.0,1.0,0.0,2,3,-1,9.717307692307692,9.708076923076923,0.009230769230768487,0,0
2090.0,1840.0,250.0,0.67,0.67,0.0,2,0,2,9.792692307692308,9.64076923076923,0.15192307692307772,0,0
1980.0,1800.0,180.0,0.33,0.33,0.0,0,0,0,9.423461538461538,8.296538461538463,1.1269230769230756,0,2
2140.0,2080.0,60.0,0.67,0.5,0.17000000000000004,1,1,0,9.739230769230769,8.685,1.0542307692307684,0,1
1660.0,2140.0,-480.0,0.0,0.67,-0.67,0,0,0,5.924615384615384,9.733846153846155,-3.809230769230771,0,2
1760.0,1660.0,100.0,0.0,0.0,0.0,0,0,0,6.701538461538462,6.035,0.6665384615384617,0,2
1810.0,1760.0,50.0,0.0,0.0,0.0,0,0,0,7.837307692307693,6.701538461538462,1.135769230769231,0,0
2140.0,1750.0,390.0,0.67,0.33,0.34,0,0,0,9.733846153846155,7.341923076923076,2.391923076923079,0,1
2080.0,1800.0,280.0,0.5,0.33,0.16999999999999998,0,0,0,9.02076923076923,8.37076923076923,0.6500000000000004,0,2
1800.0,1840.0,-40.0,0.33,0.67,-0.34,0,0,0,8.153461538461539,9.64076923076923,-1.4873076923076916,0,1
1890.0,1800.0,90.0,0.0,0.33,-0.33,2,0,2,7.111923076923077,8.064230769230768,-0.9523076923076914,0,1
1690.0,1710.0,-20.0,0.0,0.0,0.0,0,0,0,6.0600000000000005,5.970769230769231,0.08923076923076945,0,1
1800.0,2140.0,-340.0,0.33,0.67,-0.34,0,5,-5,8.311153846153847,9.793461538461539,-1.4823076923076925,0,2
1690.0,1660.0,30.0,0.0,0.0,0.0,0,0,0,6.078076923076923,6.056538461538461,0.021538461538461284,0,1
2080.0,1800.0,280.0,0.5,0.33,0.16999999999999998,0,0,0,9.02076923076923,8.153461538461539,0.8673076923076923,1,1
1800.0,1690.0,110.0,0.33,0.0,0.33,0,0,0,8.296538461538463,6.0600000000000005,2.236538461538462,0,1
1810.0,1750.0,60.0,0.0,0.33,-0.33,0,0,0,7.837307692307693,8.043076923076923,-0.2057692307692296,0,2
1800.0,1800.0,0.0,0.33,0.33,0.0,0,0,0,8.311153846153847,8.064230769230768,0.24692307692307836,0,2
2120.0,1690.0,430.0,1.0,0.0,1.0,3,0,3,9.708076923076923,6.078076923076923,3.630000000000001,0,1
1710.0,1760.0,-50.0,0.0,0.0,0.0,0,0,0,5.970769230769231,6.701538461538462,-0.7307692307692308,0,1
1980.0,1980.0,0.0,0.33,0.33,0.0,0,0,0,9.423461538461538,9.437692307692307,-0.014230769230769269,0,1
1710.0,1660.0,50.0,0.0,0.0,0.0,0,0,0,5.970769230769231,6.035,-0.06423076923076909,0,1
2120.0,2000.0,120.0,1.0,1.0,0.0,3,0,3,9.708076923076923,9.767692307692307,-0.05961538461538396,0,1
1710.0,1800.0,-90.0,0.0,0.33,-0.33,0,0,0,5.970769230769231,8.296538461538463,-2.3257692307692315,0,2
1890.0,2140.0,-250.0,0.0,0.67,-0.67,2,5,-3,7.111923076923077,9.793461538461539,-2.6815384615384623,0,0
1690.0,1980.0,-290.0,0.0,0.33,-0.33,0,0,0,6.0600000000000005,9.423461538461538,-3.3634615384615376,0,0
1780.0,1850.0,-70.0,0.5,0.33,0.16999999999999998,0,0,0,7.485769230769231,9.121538461538462,-1.635769230769231,0,1
2140.0,1800.0,340.0,0.67,0.33,0.34,5,0,5,9.793461538461539,8.064230769230768,1.729230769230771,0,1
1800.0,2120.0,-320.0,0.33,1.0,-0.6699999999999999,0,3,-3,8.311153846153847,9.708076923076923,-1.396923076923077,0,1
1980.0,1710.0,270.0,0.33,0.0,0.33,0,0,0,9.423461538461538,5.970769230769231,3.452692307692307,0,2
2140.0,1840.0,300.0,0.67,0.67,0.0,0,0,0,9.733846153846155,9.64076923076923,0.09307692307692506,0,1
1710.0,2140.0,-430.0,0.0,0.67,-0.67,0,1,-1,6.001153846153846,9.739230769230769,-3.738076923076923,1,0
1800.0,1660.0,140.0,0.33,0.0,0.33,0,0,0,8.153461538461539,6.035,2.1184615384615384,0,2
2140.0,1850.0,290.0,0.67,0.33,0.34,5,0,5,9.793461538461539,9.121538461538462,0.6719230769230773,1,1
1800.0,1980.0,-180.0,0.33,0.33,0.0,0,0,0,8.296538461538463,9.423461538461538,-1.1269230769230756,0,1
1800.0,1710.0,90.0,0.33,0.0,0.33,0,0,0,8.153461538461539,6.001153846153846,2.1523076923076925,0,1
2140.0,1660.0,480.0,0.67,0.0,0.67,1,0,1,9.739230769230769,6.035,3.7042307692307688,1,1
1660.0,1690.0,-30.0,0.0,0.0,0.0,0,0,0,6.056538461538461,6.078076923076923,-0.021538461538461284,0,2
1660.0,1710.0,-50.0,0.0,0.0,0.0,0,0,0,6.035,6.001153846153846,0.03384615384615408,1,2
1800.0,2140.0,-340.0,0.33,0.67,-0.34,0,1,-1,8.153461538461539,9.739230769230769,-1.5857692307692304,0,0
1800.0,2140.0,-340.0,0.33,0.67,-0.34,0,5,-5,8.153461538461539,9.793461538461539,-1.6400000000000006,0,0
1800.0,2140.0,-340.0,0.33,0.67,-0.34,0,1,-1,8.153461538461539,9.739230769230769,-1.5857692307692304,0,0
2060.0,1690.0,370.0,1.0,0.0,1.0,0,0,0,9.73423076923077,6.078076923076923,3.656153846153847,1,2
2060.0,1660.0,400.0,1.0,0.0,1.0,0,0,0,9.73423076923077,6.056538461538461,3.6776923076923085,1,1
1780.0,1890.0,-110.0,0.5,0.0,0.5,0,2,-2,7.485769230769231,7.111923076923077,0.37384615384615394,0,1
2140.0,2080.0,60.0,0.67,0.5,0.17000000000000004,0,1,-1,9.733846153846155,8.685,1.0488461538461546,0,2
1840.0,1750.0,90.0,0.67,0.33,0.34,0,0,0,9.64076923076923,7.341923076923076,2.2988461538461538,0,1
2120.0,2140.0,-20.0,1.0,0.67,0.32999999999999996,3,5,-2,9.708076923076923,9.793461538461539,-0.08538461538461561,0,0
2000.0,1800.0,200.0,1.0,0.33,0.6699999999999999,0,0,0,9.767692307692307,8.311153846153847,1.456538461538461,0,1
2090.0,1800.0,290.0,0.67,0.33,0.34,2,0,2,9.792692307692308,8.153461538461539,1.6392307692307693,0,1
2140.0,1980.0,160.0,0.67,0.33,0.34,0,0,0,9.733846153846155,9.423461538461538,0.31038461538461704,0,1
2140.0,1980.0,160.0,0.67,0.33,0.34,1,0,1,9.739230769230769,9.437692307692307,0.30153846153846153,0,1
1690.0,1810.0,-120.0,0.0,0.0,0.0,0,0,0,6.0600000000000005,7.837307692307693,-1.7773076923076925,0,2
2080.0,1910.0,170.0,0.5,0.5,0.0,1,0,1,8.685,7.631923076923077,1.0530769230769232,0,1
1980.0,1830.0,150.0,0.33,0.5,-0.16999999999999998,0,0,0,9.423461538461538,8.509615384615385,0.9138461538461531,1,1
1690.0,1710.0,-20.0,0.0,0.0,0.0,0,0,0,6.010769230769231,6.001153846153846,0.009615384615385025,0,0
1750.0,2140.0,-390.0,0.33,0.67,-0.34,0,0,0,7.341923076923076,9.733846153846155,-2.391923076923079,0,0
1890.0,2000.0,-110.0,0.0,1.0,-1.0,2,0,2,7.111923076923077,9.767692307692307,-2.6557692307692307,0,1
1800.0,2120.0,-320.0,0.33,1.0,-0.6699999999999999,0,3,-3,8.064230769230768,9.708076923076923,-1.6438461538461553,0,1
2120.0,1830.0,290.0,1.0,0.5,0.5,3,0,3,9.708076923076923,8.509615384615385,1.1984615384615385,0,1
2060.0,2000.0,60.0,1.0,1.0,0.0,0,0,0,9.73423076923077,9.767692307692307,-0.03346153846153754,1,0
1910.0,1710.0,200.0,0.5,0.0,0.5,0,0,0,7.631923076923077,5.970769230769231,1.6611538461538462,0,1
1800.0,2140.0,-340.0,0.33,0.67,-0.34,0,0,0,8.296538461538463,9.733846153846155,-1.4373076923076926,0,2
1800.0,1890.0,-90.0,0.33,0.0,0.33,0,2,-2,8.311153846153847,7.111923076923077,1.1992307692307698,0,0
1980.0,1750.0,230.0,0.33,0.33,0.0,0,0,0,9.423461538461538,7.341923076923076,2.081538461538462,0,1
1840.0,1800.0,40.0,0.67,0.33,0.34,0,0,0,9.64076923076923,8.153461538461539,1.4873076923076916,0,1
2180.0,1780.0,400.0,1.0,0.5,0.5,2,0,2,9.717307692307692,7.785,1.9323076923076918,0,1
1800.0,2000.0,-200.0,0.33,1.0,-0.6699999999999999,0,0,0,8.064230769230768,9.767692307692307,-1.7034615384615392,0,0
1660.0,1760.0,-100.0,0.0,0.0,0.0,0,0,0,5.924615384615384,6.701538461538462,-0.7769230769230777,0,0
1890.0,2120.0,-230.0,0.0,1.0,-1.0,2,3,-1,7.111923076923077,9.708076923076923,-2.5961538461538467,0,0
1800.0,1710.0,90.0,0.33,0.0,0.33,0,0,0,8.064230769230768,5.970769230769231,2.093461538461537,1,0
2140.0,2080.0,60.0,0.67,0.5,0.17000000000000004,5,1,4,9.793461538461539,8.685,1.1084615384615386,1,1
1850.0,1780.0,70.0,0.33,0.5,-0.16999999999999998,0,0,0,9.121538461538462,7.485769230769231,1.635769230769231,0,1
1810.0,1690.0,120.0,0.0,0.0,0.0,0,0,0,7.837307692307693,6.010769230769231,1.8265384615384619,0,1
1800.0,1980.0,-180.0,0.33,0.33,0.0,0,0,0,8.153461538461539,9.423461538461538,-1.2699999999999996,0,2
2140.0,2120.0,20.0,0.67,1.0,-0.32999999999999996,1,3,-2,9.739230769230769,9.708076923076923,0.03115384615384542,0,1
2020.0,1840.0,180.0,0.67,0.67,0.0,0,0,0,9.796923076923077,9.64076923076923,0.1561538461538472,0,0
1980.0,1710.0,270.0,0.33,0.0,0.33,0,0,0,9.437692307692307,5.970769230769231,3.4669230769230763,1,1
1780.0,1850.0,-70.0,0.5,0.33,0.16999999999999998,0,0,0,7.485769230769231,9.121538461538462,-1.635769230769231,1,1
1780.0,2140.0,-360.0,0.5,0.67,-0.17000000000000004,0,1,-1,7.785,9.739230769230769,-1.9542307692307688,0,0
2140.0,1800.0,340.0,0.67,0.33,0.34,0,0,0,9.733846153846155,8.064230769230768,1.669615384615387,0,2
1690.0,1810.0,-120.0,0.0,0.0,0.0,0,0,0,6.010769230769231,7.837307692307693,-1.8265384615384619,0,1
1710.0,1810.0,-100.0,0.0,0.0,0.0,0,0,0,5.970769230769231,7.837307692307693,-1.866538461538462,0,1
1780.0,1850.0,-70.0,0.5,0.33,0.16999999999999998,0,0,0,7.485769230769231,9.121538461538462,-1.635769230769231,1,0
1830.0,1850.0,-20.0,0.5,0.33,0.16999999999999998,0,0,0,8.509615384615385,9.121538461538462,-0.6119230769230768,1,0
1980.0,1910.0,70.0,0.33,0.5,-0.16999999999999998,0,0,0,9.437692307692307,7.631923076923077,1.8057692307692301,0,0
2080.0,1850.0,230.0,0.5,0.33,0.16999999999999998,1,0,1,8.685,9.121538461538462,-0.4365384615384613,0,1
2180.0,2140.0,40.0,1.0,0.67,0.32999999999999996,2,1,1,9.717307692307692,9.739230769230769,-0.021923076923076934,0,0
2090.0,2120.0,-30.0,0.67,1.0,-0.32999999999999996,2,3,-1,9.792692307692308,9.708076923076923,0.08461538461538431,0,0
2060.0,1710.0,350.0,1.0,0.0,1.0,0,0,0,9.73423076923077,6.001153846153846,3.733076923076924,1,1
2020.0,1890.0,130.0,0.67,0.0,0.67,0,2,-2,9.796923076923077,7.111923076923077,2.6850000000000005,0,0
1800.0,1800.0,0.0,0.33,0.33,0.0,0,0,0,8.064230769230768,8.153461538461539,-0.08923076923077033,0,2
2120.0,1660.0,460.0,1.0,0.0,1.0,3,0,3,9.708076923076923,6.056538461538461,3.651538461538462,0,1
2060.0,1800.0,260.0,1.0,0.33,0.6699999999999999,0,0,0,9.73423076923077,8.311153846153847,1.4230769230769234,1,2
2060.0,1750.0,310.0,1.0,0.33,0.6699999999999999,0,0,0,9.73423076923077,8.043076923076923,1.6911538461538473,1,1
1780.0,1910.0,-130.0,0.5,0.5,0.0,0,0,0,7.785,7.631923076923077,0.1530769230769229,0,0
2120.0,1800.0,320.0,1.0,0.33,0.6699999999999999,3,0,3,9.708076923076923,9.12346153846154,0.5846153846153843,0,1
1800.0,1710.0,90.0,0.33,0.0,0.33,0,0,0,8.296538461538463,6.001153846153846,2.2953846153846165,0,1
2080.0,2060.0,20.0,0.5,1.0,-0.5,1,0,1,8.685,9.73423076923077,-1.0492307692307694,0,1
2140.0,2060.0,80.0,0.67,1.0,-0.32999999999999996,0,0,0,9.733846153846155,9.73423076923077,-0.0003846153846147615,1,1
1800.0,2000.0,-200.0,0.33,1.0,-0.6699999999999999,0,0,0,8.153461538461539,9.767692307692307,-1.614230769230769,0,1
2140.0,1760.0,380.0,0.67,0.0,0.67,1,0,1,9.739230769230769,6.701538461538462,3.037692307692307,1,1
1980.0,2080.0,-100.0,0.33,0.5,-0.16999999999999998,0,1,-1,9.423461538461538,8.685,0.7384615384615376,1,0
1660.0,2180.0,-520.0,0.0,1.0,-1.0,0,2,-2,5.924615384615384,9.717307692307692,-3.792692307692308,0,2
2140.0,1830.0,310.0,0.67,0.5,0.17000000000000004,0,0,0,9.733846153846155,8.509615384615385,1.2242307692307701,0,1
1800.0,2060.0,-260.0,0.33,1.0,-0.6699999999999999,0,0,0,8.153461538461539,9.73423076923077,-1.5807692307692314,0,2
1890.0,2180.0,-290.0,0.0,1.0,-1.0,2,2,0,7.111923076923077,9.717307692307692,-2.605384615384615,1,2
2090.0,1800.0,290.0,0.67,0.33,0.34,2,0,2,9.792692307692308,8.296538461538463,1.4961538461538453,1,1
1800.0,1890.0,-90.0,0.33,0.0,0.33,0,2,-2,8.153461538461539,7.111923076923077,1.0415384615384617,0,0
2140.0,2020.0,120.0,0.67,0.67,0.0,1,0,1,9.739230769230769,9.796923076923077,-0.057692307692308376,1,0
2180.0,2060.0,120.0,1.0,1.0,0.0,2,0,2,9.717307692307692,9.73423076923077,-0.01692307692307793,1,0
2080.0,1780.0,300.0,0.5,0.5,0.0,1,0,1,8.685,7.485769230769231,1.1992307692307698,1,2
1830.0,1800.0,30.0,0.5,0.33,0.16999999999999998,0,0,0,8.509615384615385,8.296538461538463,0.2130769230769225,1,2
2140.0,1980.0,160.0,0.67,0.33,0.34,0,0,0,9.733846153846155,9.423461538461538,0.31038461538461704,1,1
2060.0,1890.0,170.0,1.0,0.0,1.0,0,2,-2,9.73423076923077,7.111923076923077,2.622307692307693,1,0
1800.0,2180.0,-380.0,0.33,1.0,-0.6699999999999999,0,2,-2,8.153461538461539,9.717307692307692,-1.5638461538461534,0,1
1830.0,2090.0,-260.0,0.5,0.67,-0.17000000000000004,0,2,-2,8.509615384615385,9.792692307692308,-1.2830769230769228,1,0
1800.0,1710.0,90.0,0.33,0.0,0.33,0,0,0,8.064230769230768,6.001153846153846,2.063076923076922,1,2
2080.0,2140.0,-60.0,0.5,0.67,-0.17000000000000004,0,5,-5,9.02076923076923,9.793461538461539,-0.7726923076923082,1,2
2120.0,2060.0,60.0,1.0,1.0,0.0,3,0,3,9.708076923076923,9.73423076923077,-0.026153846153846416,1,1
2090.0,2080.0,10.0,0.67,0.5,0.17000000000000004,2,1,1,9.792692307692308,8.685,1.1076923076923073,1,1
1800.0,1980.0,-180.0,0.33,0.33,0.0,0,0,0,8.064230769230768,9.423461538461538,-1.35923076923077,1,2
2140.0,2080.0,60.0,0.67,0.5,0.17000000000000004,1,0,1,9.739230769230769,9.02076923076923,0.718461538461538,1,1
2140.0,2140.0,0.0,0.67,0.67,0.0,0,5,-5,9.733846153846155,9.793461538461539,-0.05961538461538396,1,1
1890.0,1830.0,60.0,0.0,0.5,-0.5,2,0,2,7.111923076923077,8.509615384615385,-1.3976923076923082,1,2
2120.0,2090.0,30.0,1.0,0.67,0.32999999999999996,3,2,1,9.708076923076923,9.792692307692308,-0.08461538461538431,1,0
1800.0,2140.0,-340.0,0.33,0.67,-0.34,0,1,-1,8.064230769230768,9.739230769230769,-1.6750000000000007,1,0
1890.0,2140.0,-250.0,0.0,0.67,-0.67,2,0,2,7.111923076923077,9.733846153846155,-2.6219230769230784,1,0
2090.0,2140.0,-50.0,0.67,0.67,0.0,2,1,1,9.792692307692308,9.739230769230769,0.05346153846153889,1,0
1890.0,2090.0,-200.0,0.0,0.67,-0.67,2,2,0,7.111923076923077,9.792692307692308,-2.680769230769231,1,0
2140.0,2140.0,0.0,0.67,0.67,0.0,0,1,-1,9.733846153846155,9.739230769230769,-0.005384615384613767,1,0
1780.0,2020.0,-240.0,0.5,0.67,-0.17000000000000004,0,0,0,7.785,9.796923076923077,-2.011923076923077,0,0
2060.0,2140.0,-80.0,1.0,0.67,0.32999999999999996,0,1,-1,9.73423076923077,9.739230769230769,-0.004999999999999005,0,2
1840.0,2180.0,-340.0,0.67,1.0,-0.32999999999999996,0,2,-2,9.64076923076923,9.717307692307692,-0.07653846153846189,0,1
1800.0,1830.0,-30.0,0.33,0.5,-0.16999999999999998,0,0,0,8.153461538461539,8.509615384615385,-0.3561538461538465,0,1
1800.0,1750.0,50.0,0.33,0.33,0.0,0,0,0,8.37076923076923,7.341923076923076,1.0288461538461542,0,1
1980.0,2090.0,-110.0,0.33,0.67,-0.34,0,2,-2,9.437692307692307,9.792692307692308,-0.3550000000000004,0,0
2020.0,1800.0,220.0,0.67,0.33,0.34,0,0,0,9.796923076923077,8.296538461538463,1.5003846153846148,0,2
1980.0,1800.0,180.0,0.33,0.33,0.0,0,0,0,9.423461538461538,8.064230769230768,1.35923076923077,0,1
2060.0,1800.0,260.0,1.0,0.33,0.6699999999999999,0,0,0,9.73423076923077,8.311153846153847,1.4230769230769234,0,0
2120.0,2140.0,-20.0,1.0,0.67,0.32999999999999996,3,1,2,9.708076923076923,9.739230769230769,-0.03115384615384542,0,1
2060.0,2000.0,60.0,1.0,1.0,0.0,0,0,0,9.73423076923077,9.767692307692307,-0.03346153846153754,0,1
1840.0,2080.0,-240.0,0.67,0.5,0.17000000000000004,0,0,0,9.64076923076923,9.02076923076923,0.6199999999999992,0,1
2020.0,2080.0,-60.0,0.67,0.5,0.17000000000000004,0,1,-1,9.796923076923077,8.685,1.1119230769230768,0,0
1690.0,1660.0,30.0,0.0,0.0,0.0,0,0,0,6.010769230769231,6.035,-0.024230769230769056,0,1
1810.0,1660.0,150.0,0.0,0.0,0.0,0,0,0,7.837307692307693,6.035,1.8023076923076928,1,1
1810.0,2140.0,-330.0,0.0,0.67,-0.67,0,5,-5,7.837307692307693,9.793461538461539,-1.9561538461538461,1,0
2000.0,1800.0,200.0,1.0,0.33,0.6699999999999999,0,0,0,9.767692307692307,8.311153846153847,1.456538461538461,1,1
1980.0,2120.0,-140.0,0.33,1.0,-0.6699999999999999,0,3,-3,9.423461538461538,9.708076923076923,-0.2846153846153854,0,1
1800.0,1800.0,0.0,0.33,0.33,0.0,0,0,0,8.296538461538463,8.064230769230768,0.23230769230769432,0,1
1760.0,1690.0,70.0,0.0,0.0,0.0,0,0,0,6.701538461538462,6.0600000000000005,0.6415384615384614,0,1
1980.0,1780.0,200.0,0.33,0.5,-0.16999999999999998,0,0,0,9.437692307692307,7.785,1.6526923076923072,0,2
1910.0,1840.0,70.0,0.5,0.67,-0.17000000000000004,0,0,0,7.631923076923077,9.64076923076923,-2.008846153846153,0,1
2140.0,1800.0,340.0,0.67,0.33,0.34,0,0,0,9.733846153846155,8.37076923076923,1.3630769230769246,0,1
1710.0,1800.0,-90.0,0.0,0.33,-0.33,0,0,0,6.001153846153846,8.064230769230768,-2.063076923076922,0,0
1710.0,1660.0,50.0,0.0,0.0,0.0,0,0,0,5.970769230769231,6.035,-0.06423076923076909,0,0
1750.0,2140.0,-390.0,0.33,0.67,-0.34,0,1,-1,7.341923076923076,9.739230769230769,-2.3973076923076926,0,0
2120.0,2140.0,-20.0,1.0,0.67,0.32999999999999996,3,5,-2,9.708076923076923,9.793461538461539,-0.08538461538461561,1,1
1850.0,1800.0,50.0,0.33,0.33,0.0,0,0,0,9.121538461538462,8.296538461538463,0.8249999999999993,0,1
2080.0,2180.0,-100.0,0.5,1.0,-0.5,1,2,-1,8.685,9.717307692307692,-1.0323076923076915,0,0
2080.0,2140.0,-60.0,0.5,0.67,-0.17000000000000004,0,1,-1,9.02076923076923,9.739230769230769,-0.718461538461538,0,1
1760.0,1830.0,-70.0,0.0,0.5,-0.5,0,0,0,6.701538461538462,8.509615384615385,-1.8080769230769231,1,2
1800.0,2090.0,-290.0,0.33,0.67,-0.34,0,2,-2,8.37076923076923,9.792692307692308,-1.4219230769230773,0,2
1710.0,1660.0,50.0,0.0,0.0,0.0,0,0,0,5.970769230769231,6.056538461538461,-0.08576923076923038,0,0
1710.0,1760.0,-50.0,0.0,0.0,0.0,0,0,0,5.970769230769231,6.701538461538462,-0.7307692307692308,1,2
1710.0,1850.0,-140.0,0.0,0.33,-0.33,0,0,0,5.970769230769231,9.121538461538462,-3.1507692307692308,0,1
1760.0,1660.0,100.0,0.0,0.0,0.0,0,0,0,6.701538461538462,6.035,0.6665384615384617,0,0
1690.0,1690.0,0.0,0.0,0.0,0.0,0,0,0,6.010769230769231,6.0600000000000005,-0.04923076923076941,1,2
1710.0,1690.0,20.0,0.0,0.0,0.0,0,0,0,5.970769230769231,6.0600000000000005,-0.08923076923076945,0,0
1980.0,1690.0,290.0,0.33,0.0,0.33,0,0,0,9.423461538461538,6.010769230769231,3.412692307692307,1,2
1660.0,1810.0,-150.0,0.0,0.0,0.0,0,0,0,6.035,7.837307692307693,-1.8023076923076928,1,0
1690.0,1760.0,-70.0,0.0,0.0,0.0,0,0,0,6.010769230769231,6.701538461538462,-0.6907692307692308,1,1
1760.0,1980.0,-220.0,0.0,0.33,-0.33,0,0,0,6.701538461538462,9.423461538461538,-2.7219230769230762,1,0
1710.0,1980.0,-270.0,0.0,0.33,-0.33,0,0,0,5.970769230769231,9.423461538461538,-3.452692307692307,0,0
1690.0,1690.0,0.0,0.0,0.0,0.0,0,0,0,6.0600000000000005,6.010769230769231,0.04923076923076941,1,1
1800.0,1660.0,140.0,0.33,0.0,0.33,0,0,0,8.296538461538463,6.035,2.2615384615384624,1,1
1690.0,1800.0,-110.0,0.0,0.33,-0.33,0,0,0,6.0600000000000005,8.296538461538463,-2.236538461538462,1,0
1800.0,1980.0,-180.0,0.33,0.33,0.0,0,0,0,8.296538461538463,9.423461538461538,-1.1269230769230756,1,0
2120.0,2080.0,40.0,1.0,0.5,0.5,3,0,3,9.708076923076923,9.02076923076923,0.6873076923076926,1,1
2180.0,2140.0,40.0,1.0,0.67,0.32999999999999996,2,5,-3,9.717307692307692,9.793461538461539,-0.07615384615384713,0,1
2140.0,1780.0,360.0,0.67,0.5,0.17000000000000004,0,0,0,9.733846153846155,7.785,1.948846153846155,0,1
2140.0,2000.0,140.0,0.67,1.0,-0.32999999999999996,1,0,1,9.739230769230769,9.767692307692307,-0.028461538461538538,0,1
1780.0,1980.0,-200.0,0.5,0.33,0.16999999999999998,0,0,0,7.785,9.437692307692307,-1.6526923076923072,0,0
2000.0,1800.0,200.0,1.0,0.33,0.6699999999999999,0,0,0,9.767692307692307,8.311153846153847,1.456538461538461,1,1
2060.0,1800.0,260.0,1.0,0.33,0.6699999999999999,0,0,0,9.73423076923077,8.064230769230768,1.6700000000000017,1,1
1800.0,1850.0,-50.0,0.33,0.33,0.0,0,0,0,8.153461538461539,9.121538461538462,-0.9680769230769233,0,1
1780.0,2020.0,-240.0,0.5,0.67,-0.17000000000000004,0,0,0,7.485769230769231,9.776153846153846,-2.2903846153846157,0,1
2140.0,1750.0,390.0,0.67,0.33,0.34,5,0,5,9.793461538461539,7.341923076923076,2.4515384615384628,1,1
2080.0,1830.0,250.0,0.5,0.5,0.0,1,0,1,8.685,8.509615384615385,0.17538461538461547,0,2
2180.0,1910.0,270.0,1.0,0.5,0.5,2,0,2,9.717307692307692,7.631923076923077,2.0853846153846147,0,2
2090.0,1800.0,290.0,0.67,0.33,0.34,2,0,2,9.792692307692308,8.296538461538463,1.4961538461538453,0,0
2120.0,1800.0,320.0,1.0,0.33,0.6699999999999999,3,0,3,9.708076923076923,8.311153846153847,1.396923076923077,0,2
2120.0,1800.0,320.0,1.0,0.33,0.6699999999999999,3,0,3,9.708076923076923,8.064230769230768,1.6438461538461553,0,1
2060.0,1800.0,260.0,1.0,0.33,0.6699999999999999,0,0,0,9.73423076923077,8.311153846153847,1.4230769230769234,1,2
2090.0,1890.0,200.0,0.67,0.0,0.67,2,2,0,9.792692307692308,7.111923076923077,2.680769230769231,0,1
1800.0,1800.0,0.0,0.33,0.33,0.0,0,0,0,9.12346153846154,8.311153846153847,0.8123076923076926,0,2
2060.0,1710.0,350.0,1.0,0.0,1.0,0,0,0,9.73423076923077,6.001153846153846,3.733076923076924,1,1
1780.0,2090.0,-310.0,0.5,0.67,-0.17000000000000004,0,2,-2,7.785,9.792692307692308,-2.0076923076923077,0,0
2140.0,2140.0,0.0,0.67,0.67,0.0,5,0,5,9.793461538461539,9.733846153846155,0.05961538461538396,0,2
2080.0,2020.0,60.0,0.5,0.67,-0.17000000000000004,1,0,1,8.685,9.796923076923077,-1.1119230769230768,0,2
2020.0,1780.0,240.0,0.67,0.5,0.17000000000000004,0,0,0,9.776153846153846,7.485769230769231,2.2903846153846157,0,1
2080.0,1840.0,240.0,0.5,0.67,-0.17000000000000004,0,0,0,9.02076923076923,9.64076923076923,-0.6199999999999992,0,1
1800.0,1710.0,90.0,0.33,0.0,0.33,0,0,0,8.296538461538463,6.001153846153846,2.2953846153846165,0,1
1850.0,1800.0,50.0,0.33,0.33,0.0,0,0,0,9.121538461538462,8.153461538461539,0.9680769230769233,0,2
1890.0,2140.0,-250.0,0.0,0.67,-0.67,2,0,2,7.111923076923077,9.733846153846155,-2.6219230769230784,0,2
1800.0,1690.0,110.0,0.33,0.0,0.33,0,0,0,9.12346153846154,6.078076923076923,3.0453846153846165,1,2
2000.0,1750.0,250.0,1.0,0.33,0.6699999999999999,0,0,0,9.767692307692307,8.043076923076923,1.7246153846153849,0,1
1800.0,1800.0,0.0,0.33,0.33,0.0,0,0,0,8.064230769230768,8.311153846153847,-0.24692307692307836,1,2
2120.0,2000.0,120.0,1.0,1.0,0.0,3,0,3,9.708076923076923,9.767692307692307,-0.05961538461538396,0,2
2140.0,1800.0,340.0,0.67,0.33,0.34,5,0,5,9.793461538461539,8.064230769230768,1.729230769230771,1,2
1890.0,2060.0,-170.0,0.0,1.0,-1.0,2,0,2,7.111923076923077,9.73423076923077,-2.622307692307693,1,1
2140.0,1800.0,340.0,0.67,0.33,0.34,5,0,5,9.793461538461539,8.311153846153847,1.4823076923076925,1,1
1690.0,1760.0,-70.0,0.0,0.0,0.0,0,0,0,6.010769230769231,6.701538461538462,-0.6907692307692308,0,2
2120.0,1890.0,230.0,1.0,0.0,1.0,3,2,1,9.708076923076923,7.111923076923077,2.5961538461538467,0,2
1690.0,1660.0,30.0,0.0,0.0,0.0,0,0,0,6.010769230769231,6.035,-0.024230769230769056,0,2
2140.0,1800.0,340.0,0.67,0.33,0.34,5,0,5,9.793461538461539,8.064230769230768,1.729230769230771,1,2
1890.0,1800.0,90.0,0.0,0.33,-0.33,2,0,2,7.111923076923077,8.064230769230768,-0.9523076923076914,1,1
2090.0,2140.0,-50.0,0.67,0.67,0.0,2,5,-3,9.792692307692308,9.793461538461539,-0.0007692307692312994,0,1
1750.0,2020.0,-270.0,0.33,0.67,-0.34,0,0,0,8.043076923076923,9.776153846153846,-1.7330769230769238,0,0
1710.0,1660.0,50.0,0.0,0.0,0.0,0,0,0,5.970769230769231,6.035,-0.06423076923076909,0,0
1690.0,1660.0,30.0,0.0,0.0,0.0,0,0,0,6.010769230769231,5.924615384615384,0.08615384615384691,0,2
2090.0,1780.0,310.0,0.67,0.5,0.17000000000000004,2,0,2,9.792692307692308,7.785,2.0076923076923077,0,1
1660.0,1690.0,-30.0,0.0,0.0,0.0,0,0,0,6.035,6.010769230769231,0.024230769230769056,0,0
1690.0,1800.0,-110.0,0.0,0.33,-0.33,0,0,0,6.078076923076923,8.064230769230768,-1.9861538461538455,0,0
2140.0,1830.0,310.0,0.67,0.5,0.17000000000000004,5,0,5,9.793461538461539,8.509615384615385,1.283846153846154,1,1
1710.0,1660.0,50.0,0.0,0.0,0.0,0,0,0,6.03423076923077,6.056538461538461,-0.022307692307691696,0,0
1710.0,1810.0,-100.0,0.0,0.0,0.0,0,0,0,5.970769230769231,7.837307692307693,-1.866538461538462,0,2
1760.0,1800.0,-40.0,0.0,0.33,-0.33,0,0,0,6.701538461538462,8.296538461538463,-1.5950000000000006,0,0
1690.0,1980.0,-290.0,0.0,0.33,-0.33,0,0,0,6.0600000000000005,9.423461538461538,-3.3634615384615376,0,2
2120.0,2140.0,-20.0,1.0,0.67,0.32999999999999996,3,5,-2,9.708076923076923,9.793461538461539,-0.08538461538461561,0,2
2140.0,2120.0,20.0,0.67,1.0,-0.32999999999999996,5,3,2,9.793461538461539,9.708076923076923,0.08538461538461561,0,1
2090.0,1980.0,110.0,0.67,0.33,0.34,2,0,2,9.792692307692308,9.437692307692307,0.3550000000000004,0,1
1660.0,1710.0,-50.0,0.0,0.0,0.0,0,0,0,6.056538461538461,6.03423076923077,0.022307692307691696,0,2
2060.0,2140.0,-80.0,1.0,0.67,0.32999999999999996,0,5,-5,9.73423076923077,9.793461538461539,-0.0592307692307692,0,0
1800.0,1890.0,-90.0,0.33,0.0,0.33,0,2,-2,8.064230769230768,7.111923076923077,0.9523076923076914,0,2
2140.0,1750.0,390.0,0.67,0.33,0.34,1,0,1,9.739230769230769,7.341923076923076,2.3973076923076926,0,1
1800.0,2140.0,-340.0,0.33,0.67,-0.34,0,0,0,8.37076923076923,9.733846153846155,-1.3630769230769246,0,1
2140.0,2020.0,120.0,0.67,0.67,0.0,0,0,0,9.733846153846155,9.796923076923077,-0.06307692307692214,0,2
1800.0,1800.0,0.0,0.33,0.33,0.0,0,0,0,8.064230769230768,8.311153846153847,-0.24692307692307836,0,1
1780.0,1660.0,120.0,0.5,0.0,0.5,0,0,0,7.485769230769231,5.924615384615384,1.5611538461538466,0,1
2080.0,2140.0,-60.0,0.5,0.67,-0.17000000000000004,1,1,0,8.685,9.739230769230769,-1.0542307692307684,0,1
2140.0,1850.0,290.0,0.67,0.33,0.34,5,0,5,9.793461538461539,9.121538461538462,0.6719230769230773,1,1
2000.0,2120.0,-120.0,1.0,1.0,0.0,0,3,-3,9.767692307692307,9.708076923076923,0.05961538461538396,0,0
2080.0,1800.0,280.0,0.5,0.33,0.16999999999999998,1,0,1,8.685,8.37076923076923,0.31423076923077,0,1
2180.0,1980.0,200.0,1.0,0.33,0.6699999999999999,2,0,2,9.717307692307692,9.437692307692307,0.2796153846153846,0,2
2090.0,2140.0,-50.0,0.67,0.67,0.0,2,0,2,9.792692307692308,9.733846153846155,0.05884615384615266,0,1
1690.0,1660.0,30.0,0.0,0.0,0.0,0,0,0,6.010769230769231,6.035,-0.024230769230769056,0,0
2020.0,1660.0,360.0,0.67,0.0,0.67,0,0,0,9.776153846153846,5.924615384615384,3.8515384615384622,1,0
1830.0,1660.0,170.0,0.5,0.0,0.5,0,0,0,8.509615384615385,5.924615384615384,2.585000000000001,1,1
1810.0,1690.0,120.0,0.0,0.0,0.0,0,0,0,7.837307692307693,6.010769230769231,1.8265384615384619,1,2
1800.0,1760.0,40.0,0.33,0.0,0.33,0,0,0,8.296538461538463,6.701538461538462,1.5950000000000006,0,1
1910.0,1800.0,110.0,0.5,0.33,0.16999999999999998,0,0,0,7.631923076923077,8.37076923076923,-0.7388461538461533,0,0
2080.0,2140.0,-60.0,0.5,0.67,-0.17000000000000004,1,0,1,8.685,9.733846153846155,-1.0488461538461546,0,0
2090.0,2180.0,-90.0,0.67,1.0,-0.32999999999999996,2,2,0,9.792692307692308,9.717307692307692,0.07538461538461583,0,0
1810.0,1710.0,100.0,0.0,0.0,0.0,0,0,0,7.837307692307693,5.970769230769231,1.866538461538462,0,2
1980.0,1690.0,290.0,0.33,0.0,0.33,0,0,0,9.423461538461538,6.0600000000000005,3.3634615384615376,0,0
2060.0,2000.0,60.0,1.0,1.0,0.0,0,0,0,9.73423076923077,9.767692307692307,-0.03346153846153754,1,0
1800.0,1690.0,110.0,0.33,0.0,0.33,0,0,0,8.064230769230768,6.078076923076923,1.9861538461538455,0,1
1800.0,1750.0,50.0,0.33,0.33,0.0,0,0,0,8.153461538461539,8.043076923076923,0.11038461538461597,0,2
2020.0,2120.0,-100.0,0.67,1.0,-0.32999999999999996,0,3,-3,9.796923076923077,9.708076923076923,0.0888461538461538,0,0
1850.0,1660.0,190.0,0.33,0.0,0.33,0,0,0,9.121538461538462,6.035,3.0865384615384617,1,2
2020.0,1750.0,270.0,0.67,0.33,0.34,0,0,0,9.776153846153846,8.043076923076923,1.7330769230769238,0,0
1840.0,2080.0,-240.0,0.67,0.5,0.17000000000000004,0,1,-1,9.64076923076923,8.685,0.9557692307692296,0,0
2020.0,2090.0,-70.0,0.67,0.67,0.0,0,2,-2,9.796923076923077,9.792692307692308,0.004230769230769482,0,1
2120.0,1800.0,320.0,1.0,0.33,0.6699999999999999,3,0,3,9.708076923076923,8.311153846153847,1.396923076923077,0,1
2080.0,1980.0,100.0,0.5,0.33,0.16999999999999998,1,0,1,8.685,9.437692307692307,-0.7526923076923069,0,1
1840.0,1910.0,-70.0,0.67,0.5,0.17000000000000004,0,0,0,9.64076923076923,7.631923076923077,2.008846153846153,0,2
1690.0,1660.0,30.0,0.0,0.0,0.0,0,0,0,6.010769230769231,6.035,-0.024230769230769056,0,2
2060.0,2140.0,-80.0,1.0,0.67,0.32999999999999996,0,5,-5,9.73423076923077,9.793461538461539,-0.0592307692307692,1,1
1690.0,1810.0,-120.0,0.0,0.0,0.0,0,0,0,6.0600000000000005,7.837307692307693,-1.7773076923076925,0,0
1980.0,1690.0,290.0,0.33,0.0,0.33,0,0,0,9.423461538461538,6.010769230769231,3.412692307692307,0,1
2140.0,2120.0,20.0,0.67,1.0,-0.32999999999999996,5,3,2,9.793461538461539,9.708076923076923,0.08538461538461561,1,0
2090.0,2080.0,10.0,0.67,0.5,0.17000000000000004,2,0,2,9.792692307692308,9.02076923076923,0.7719230769230769,1,1
1800.0,2000.0,-200.0,0.33,1.0,-0.6699999999999999,0,0,0,8.311153846153847,9.767692307692307,-1.456538461538461,0,1
2180.0,2080.0,100.0,1.0,0.5,0.5,2,1,1,9.717307692307692,8.685,1.0323076923076915,1,2
1800.0,1980.0,-180.0,0.33,0.33,0.0,0,0,0,8.296538461538463,9.423461538461538,-1.1269230769230756,0,2
1810.0,1710.0,100.0,0.0,0.0,0.0,0,0,0,7.837307692307693,5.970769230769231,1.866538461538462,0,2
2140.0,2090.0,50.0,0.67,0.67,0.0,0,2,-2,9.733846153846155,9.792692307692308,-0.05884615384615266,1,0
1800.0,2080.0,-280.0,0.33,0.5,-0.16999999999999998,0,1,-1,8.37076923076923,8.685,-0.31423076923077,1,0
2080.0,2140.0,-60.0,0.5,0.67,-0.17000000000000004,0,0,0,9.02076923076923,9.733846153846155,-0.7130769230769243,1,1
1910.0,2140.0,-230.0,0.5,0.67,-0.17000000000000004,0,1,-1,7.631923076923077,9.739230769230769,-2.1073076923076917,1,0
1760.0,2020.0,-260.0,0.0,0.67,-0.67,0,0,0,6.701538461538462,9.776153846153846,-3.0746153846153845,0,1
1800.0,2180.0,-380.0,0.33,1.0,-0.6699999999999999,0,2,-2,8.37076923076923,9.717307692307692,-1.3465384615384615,1,1
2140.0,2180.0,-40.0,0.67,1.0,-0.32999999999999996,1,2,-1,9.739230769230769,9.717307692307692,0.021923076923076934,1,1
2080.0,2140.0,-60.0,0.5,0.67,-0.17000000000000004,0,1,-1,9.02076923076923,9.739230769230769,-0.718461538461538,1,2
1760.0,1660.0,100.0,0.0,0.0,0.0,0,0,0,6.701538461538462,6.035,0.6665384615384617,0,0
1690.0,1690.0,0.0,0.0,0.0,0.0,0,0,0,6.010769230769231,6.0600000000000005,-0.04923076923076941,0,0
1980.0,2140.0,-160.0,0.33,0.67,-0.34,0,0,0,9.437692307692307,9.733846153846155,-0.29615384615384777,0,1
1910.0,2020.0,-110.0,0.5,0.67,-0.17000000000000004,0,0,0,7.631923076923077,9.796923076923077,-2.165,0,0
2180.0,1890.0,290.0,1.0,0.0,1.0,2,2,0,9.717307692307692,7.111923076923077,2.605384615384615,0,2
2090.0,2120.0,-30.0,0.67,1.0,-0.32999999999999996,2,3,-1,9.792692307692308,9.708076923076923,0.08461538461538431,0,0
1810.0,1660.0,150.0,0.0,0.0,0.0,0,0,0,7.837307692307693,5.924615384615384,1.9126923076923088,1,2
1690.0,1690.0,0.0,0.0,0.0,0.0,0,0,0,6.010769230769231,6.0600000000000005,-0.04923076923076941,0,1
2080.0,1690.0,390.0,0.5,0.0,0.5,0,0,0,9.02076923076923,6.078076923076923,2.942692307692308,0,1
1750.0,1800.0,-50.0,0.33,0.33,0.0,0,0,0,7.341923076923076,8.296538461538463,-0.9546153846153862,0,1
1800.0,2140.0,-340.0,0.33,0.67,-0.34,0,5,-5,8.37076923076923,9.793461538461539,-1.4226923076923086,0,0
1690.0,1810.0,-120.0,0.0,0.0,0.0,0,0,0,6.010769230769231,7.837307692307693,-1.8265384615384619,0,2
2120.0,1800.0,320.0,1.0,0.33,0.6699999999999999,3,0,3,9.708076923076923,8.064230769230768,1.6438461538461553,0,1
2140.0,1800.0,340.0,0.67,0.33,0.34,5,0,5,9.793461538461539,8.153461538461539,1.6400000000000006,0,1
1800.0,1690.0,110.0,0.33,0.0,0.33,0,0,0,9.12346153846154,6.078076923076923,3.0453846153846165,0,1
2000.0,1890.0,110.0,1.0,0.0,1.0,0,2,-2,9.767692307692307,7.111923076923077,2.6557692307692307,0,1
2140.0,1760.0,380.0,0.67,0.0,0.67,1,0,1,9.739230769230769,6.701538461538462,3.037692307692307,0,1
1780.0,2090.0,-310.0,0.5,0.67,-0.17000000000000004,0,2,-2,7.785,9.792692307692308,-2.0076923076923077,0,0
1980.0,1910.0,70.0,0.33,0.5,-0.16999999999999998,0,0,0,9.437692307692307,7.631923076923077,1.8057692307692301,0,2
1980.0,1660.0,320.0,0.33,0.0,0.33,0,0,0,9.423461538461538,6.035,3.388461538461538,0,1
1690.0,1800.0,-110.0,0.0,0.33,-0.33,0,0,0,6.010769230769231,8.296538461538463,-2.2857692307692314,0,1
1690.0,1800.0,-110.0,0.0,0.33,-0.33,0,0,0,6.078076923076923,9.12346153846154,-3.0453846153846165,0,1
1890.0,1800.0,90.0,0.0,0.33,-0.33,2,0,2,7.111923076923077,8.311153846153847,-1.1992307692307698,0,2
2140.0,2120.0,20.0,0.67,1.0,-0.32999999999999996,5,3,2,9.793461538461539,9.708076923076923,0.08538461538461561,0,1
2140.0,1660.0,480.0,0.67,0.0,0.67,5,0,5,9.793461538461539,6.035,3.758461538461539,1,1
2120.0,1890.0,230.0,1.0,0.0,1.0,3,2,1,9.708076923076923,7.111923076923077,2.5961538461538467,0,1
2000.0,1800.0,200.0,1.0,0.33,0.6699999999999999,0,0,0,9.767692307692307,8.064230769230768,1.7034615384615392,0,1
2180.0,1980.0,200.0,1.0,0.33,0.6699999999999999,2,0,2,9.717307692307692,9.423461538461538,0.29384615384615387,0,0
2020.0,1840.0,180.0,0.67,0.67,0.0,0,0,0,9.796923076923077,9.64076923076923,0.1561538461538472,0,2
1980.0,1750.0,230.0,0.33,0.33,0.0,0,0,0,9.437692307692307,7.341923076923076,2.095769230769231,0,1
1850.0,1660.0,190.0,0.33,0.0,0.33,0,0,0,9.121538461538462,5.924615384615384,3.1969230769230776,1,0
2090.0,1800.0,290.0,0.67,0.33,0.34,2,0,2,9.792692307692308,8.37076923076923,1.4219230769230773,0,2
1660.0,1800.0,-140.0,0.0,0.33,-0.33,0,0,0,6.035,8.296538461538463,-2.2615384615384624,1,0
1980.0,2140.0,-160.0,0.33,0.67,-0.34,0,5,-5,9.423461538461538,9.793461538461539,-0.370000000000001,1,0
1710.0,1690.0,20.0,0.0,0.0,0.0,0,0,0,5.970769230769231,6.0600000000000005,-0.08923076923076945,0,0
2140.0,2180.0,-40.0,0.67,1.0,-0.32999999999999996,1,2,-1,9.739230769230769,9.717307692307692,0.021923076923076934,0,2
2140.0,2000.0,140.0,0.67,1.0,-0.32999999999999996,5,0,5,9.793461538461539,9.767692307692307,0.025769230769231655,1,2
1810.0,1690.0,120.0,0.0,0.0,0.0,0,0,0,7.837307692307693,6.0600000000000005,1.7773076923076925,0,0
1660.0,1690.0,-30.0,0.0,0.0,0.0,0,0,0,6.035,6.010769230769231,0.024230769230769056,1,1
2140.0,2090.0,50.0,0.67,0.67,0.0,0,2,-2,9.733846153846155,9.792692307692308,-0.05884615384615266,0,2
1690.0,2140.0,-450.0,0.0,0.67,-0.67,0,1,-1,6.078076923076923,9.739230769230769,-3.661153846153846,0,0
1760.0,2120.0,-360.0,0.0,1.0,-1.0,0,3,-3,6.701538461538462,9.708076923076923,-3.0065384615384616,0,2
1800.0,2080.0,-280.0,0.33,0.5,-0.16999999999999998,0,1,-1,8.37076923076923,8.685,-0.31423076923077,0,1
1660.0,2020.0,-360.0,0.0,0.67,-0.67,0,0,0,5.924615384615384,9.796923076923077,-3.872307692307693,0,0
2120.0,2140.0,-20.0,1.0,0.67,0.32999999999999996,3,5,-2,9.708076923076923,9.793461538461539,-0.08538461538461561,0,1
1810.0,1760.0,50.0,0.0,0.0,0.0,0,0,0,7.837307692307693,6.701538461538462,1.135769230769231,1,2
1660.0,1690.0,-30.0,0.0,0.0,0.0,0,0,0,6.035,6.010769230769231,0.024230769230769056,1,1
1710.0,1850.0,-140.0,0.0,0.33,-0.33,0,0,0,5.970769230769231,9.121538461538462,-3.1507692307692308,0,0
1660.0,1660.0,0.0,0.0,0.0,0.0,0,0,0,6.035,5.924615384615384,0.11038461538461597,0,0
1760.0,1660.0,100.0,0.0,0.0,0.0,0,0,0,6.701538461538462,6.035,0.6665384615384617,1,0
1800.0,1840.0,-40.0,0.33,0.67,-0.34,0,0,0,8.153461538461539,9.64076923076923,-1.4873076923076916,0,0
1830.0,1850.0,-20.0,0.5,0.33,0.16999999999999998,0,0,0,8.509615384615385,9.121538461538462,-0.6119230769230768,1,1
1800.0,1780.0,20.0,0.33,0.5,-0.16999999999999998,0,0,0,8.153461538461539,7.485769230769231,0.6676923076923078,0,2
1830.0,1660.0,170.0,0.5,0.0,0.5,0,0,0,8.509615384615385,5.924615384615384,2.585000000000001,1,1
1660.0,1780.0,-120.0,0.0,0.5,-0.5,0,0,0,5.924615384615384,7.485769230769231,-1.5611538461538466,1,1
1800.0,2020.0,-220.0,0.33,0.67,-0.34,0,0,0,8.153461538461539,9.776153846153846,-1.6226923076923079,0,2
2080.0,2140.0,-60.0,0.5,0.67,-0.17000000000000004,1,5,-4,8.685,9.793461538461539,-1.1084615384615386,0,1
2180.0,2090.0,90.0,1.0,0.67,0.32999999999999996,2,2,0,9.717307692307692,9.792692307692308,-0.07538461538461583,0,0
2080.0,1800.0,280.0,0.5,0.33,0.16999999999999998,0,0,0,9.02076923076923,8.311153846153847,0.7096153846153843,0,0
2140.0,1890.0,250.0,0.67,0.0,0.67,1,2,-1,9.739230769230769,7.111923076923077,2.627307692307692,1,1
1800.0,2120.0,-320.0,0.33,1.0,-0.6699999999999999,0,3,-3,8.37076923076923,9.708076923076923,-1.337307692307693,0,0
1710.0,1850.0,-140.0,0.0,0.33,-0.33,0,0,0,5.970769230769231,9.121538461538462,-3.1507692307692308,0,1
1980.0,1800.0,180.0,0.33,0.33,0.0,0,0,0,9.423461538461538,9.12346153846154,0.29999999999999893,1,1
1890.0,1800.0,90.0,0.0,0.33,-0.33,2,0,2,7.111923076923077,8.064230769230768,-0.9523076923076914,0,2
1800.0,1800.0,0.0,0.33,0.33,0.0,0,0,0,8.311153846153847,8.064230769230768,0.24692307692307836,0,1
2180.0,2140.0,40.0,1.0,0.67,0.32999999999999996,2,1,1,9.717307692307692,9.739230769230769,-0.021923076923076934,0,0
1690.0,1980.0,-290.0,0.0,0.33,-0.33,0,0,0,6.010769230769231,9.423461538461538,-3.412692307692307,0,1
1800.0,2090.0,-290.0,0.33,0.67,-0.34,0,2,-2,8.311153846153847,9.792692307692308,-1.4815384615384612,1,0
2140.0,2080.0,60.0,0.67,0.5,0.17000000000000004,5,1,4,9.793461538461539,8.685,1.1084615384615386,0,2
1980.0,1800.0,180.0,0.33,0.33,0.0,0,0,0,9.423461538461538,8.296538461538463,1.1269230769230756,0,2
1710.0,1810.0,-100.0,0.0,0.0,0.0,0,0,0,5.970769230769231,7.837307692307693,-1.866538461538462,0,0
1890.0,2180.0,-290.0,0.0,1.0,-1.0,2,2,0,7.111923076923077,9.717307692307692,-2.605384615384615,0,1
2120.0,2000.0,120.0,1.0,1.0,0.0,3,0,3,9.708076923076923,9.767692307692307,-0.05961538461538396,0,2
1780.0,1800.0,-20.0,0.5,0.33,0.16999999999999998,0,0,0,7.785,8.37076923076923,-0.5857692307692304,0,1
1910.0,1750.0,160.0,0.5,0.33,0.16999999999999998,0,0,0,7.631923076923077,7.341923076923076,0.2900000000000009,0,0
1690.0,2060.0,-370.0,0.0,1.0,-1.0,0,0,0,6.078076923076923,9.73423076923077,-3.656153846153847,0,2
1660.0,2140.0,-480.0,0.0,0.67,-0.67,0,1,-1,6.056538461538461,9.739230769230769,-3.6826923076923075,1,0
2140.0,2180.0,-40.0,0.67,1.0,-0.32999999999999996,5,2,3,9.793461538461539,9.717307692307692,0.07615384615384713,0,1
1910.0,2080.0,-170.0,0.5,0.5,0.0,0,0,0,7.631923076923077,9.02076923076923,-1.3888461538461536,1,0
1800.0,1690.0,110.0,0.33,0.0,0.33,0,0,0,8.296538461538463,6.010769230769231,2.2857692307692314,0,1
1800.0,2120.0,-320.0,0.33,1.0,-0.6699999999999999,0,3,-3,8.311153846153847,9.708076923076923,-1.396923076923077,0,2
1660.0,1980.0,-320.0,0.0,0.33,-0.33,0,0,0,6.035,9.423461538461538,-3.388461538461538,1,0
2140.0,1980.0,160.0,0.67,0.33,0.34,5,0,5,9.793461538461539,9.423461538461538,0.370000000000001,0,1
2140.0,1890.0,250.0,0.67,0.0,0.67,1,2,-1,9.739230769230769,7.111923076923077,2.627307692307692,1,1
1800.0,1660.0,140.0,0.33,0.0,0.33,0,0,0,8.296538461538463,6.035,2.2615384615384624,0,1
1690.0,1710.0,-20.0,0.0,0.0,0.0,0,0,0,6.0600000000000005,5.970769230769231,0.08923076923076945,0,1
2140.0,2060.0,80.0,0.67,1.0,-0.32999999999999996,5,0,5,9.793461538461539,9.73423076923077,0.0592307692307692,0,1
1980.0,2060.0,-80.0,0.33,1.0,-0.6699999999999999,0,0,0,9.423461538461538,9.73423076923077,-0.3107692307692318,1,0
2140.0,1890.0,250.0,0.67,0.0,0.67,5,2,3,9.793461538461539,7.111923076923077,2.6815384615384623,0,1
2140.0,2140.0,0.0,0.67,0.67,0.0,5,1,4,9.793461538461539,9.739230769230769,0.05423076923077019,0,1
2060.0,1690.0,370.0,1.0,0.0,1.0,0,0,0,9.73423076923077,6.078076923076923,3.656153846153847,1,0
2060.0,1800.0,260.0,1.0,0.33,0.6699999999999999,0,0,0,9.73423076923077,9.12346153846154,0.6107692307692307,1,1
1690.0,1800.0,-110.0,0.0,0.33,-0.33,0,0,0,6.078076923076923,9.12346153846154,-3.0453846153846165,1,2
1690.0,2060.0,-370.0,0.0,1.0,-1.0,0,0,0,6.078076923076923,9.73423076923077,-3.656153846153847,1,1
1980.0,1800.0,180.0,0.33,0.33,0.0,0,0,0,9.423461538461538,8.296538461538463,1.1269230769230756,1,1
1980.0,2180.0,-200.0,0.33,1.0,-0.6699999999999999,0,2,-2,9.437692307692307,9.717307692307692,-0.2796153846153846,0,2
1800.0,2140.0,-340.0,0.33,0.67,-0.34,0,1,-1,8.311153846153847,9.739230769230769,-1.4280769230769224,0,0
2080.0,1750.0,330.0,0.5,0.33,0.16999999999999998,1,0,1,8.685,7.341923076923076,1.3430769230769242,0,1
2090.0,1800.0,290.0,0.67,0.33,0.34,2,0,2,9.792692307692308,8.064230769230768,1.7284615384615396,0,2
1980.0,1890.0,90.0,0.33,0.0,0.33,0,2,-2,9.423461538461538,7.111923076923077,2.3115384615384613,0,0
2080.0,2140.0,-60.0,0.5,0.67,-0.17000000000000004,0,0,0,9.02076923076923,9.733846153846155,-0.7130769230769243,0,2
1800.0,1840.0,-40.0,0.33,0.67,-0.34,0,0,0,8.37076923076923,9.64076923076923,-1.2699999999999996,0,1
2020.0,2140.0,-120.0,0.67,0.67,0.0,0,5,-5,9.796923076923077,9.793461538461539,0.003461538461538183,0,1
1760.0,1710.0,50.0,0.0,0.0,0.0,0,0,0,6.701538461538462,6.001153846153846,0.7003846153846158,0,0
2000.0,1800.0,200.0,1.0,0.33,0.6699999999999999,0,0,0,9.767692307692307,8.311153846153847,1.456538461538461,0,1
2090.0,1780.0,310.0,0.67,0.5,0.17000000000000004,2,0,2,9.792692307692308,7.785,2.0076923076923077,0,1
1690.0,1690.0,0.0,0.0,0.0,0.0,0,0,0,6.010769230769231,6.0600000000000005,-0.04923076923076941,0,2
1750.0,1980.0,-230.0,0.33,0.33,0.0,0,0,0,7.341923076923076,9.437692307692307,-2.095769230769231,0,0
2140.0,1800.0,340.0,0.67,0.33,0.34,5,0,5,9.793461538461539,8.296538461538463,1.4969230769230766,0,1
2140.0,2080.0,60.0,0.67,0.5,0.17000000000000004,5,0,5,9.793461538461539,9.02076923076923,0.7726923076923082,1,1
1980.0,1830.0,150.0,0.33,0.5,-0.16999999999999998,0,0,0,9.423461538461538,8.509615384615385,0.9138461538461531,0,1
1840.0,2020.0,-180.0,0.67,0.67,0.0,0,0,0,9.64076923076923,9.796923076923077,-0.1561538461538472,0,0
1800.0,2120.0,-320.0,0.33,1.0,-0.6699999999999999,0,3,-3,8.064230769230768,9.708076923076923,-1.6438461538461553,0,0
1890.0,2000.0,-110.0,0.0,1.0,-1.0,2,0,2,7.111923076923077,9.767692307692307,-2.6557692307692307,0,1
1690.0,1690.0,0.0,0.0,0.0,0.0,0,0,0,6.0600000000000005,6.010769230769231,0.04923076923076941,0,2
1910.0,1980.0,-70.0,0.5,0.33,0.16999999999999998,0,0,0,7.631923076923077,9.437692307692307,-1.8057692307692301,0,0
1800.0,1890.0,-90.0,0.33,0.0,0.33,0,2,-2,8.311153846153847,7.111923076923077,1.1992307692307698,0,1
2180.0,1800.0,380.0,1.0,0.33,0.6699999999999999,2,0,2,9.717307692307692,8.296538461538463,1.4207692307692295,0,1
2060.0,1690.0,370.0,1.0,0.0,1.0,0,0,0,9.73423076923077,6.078076923076923,3.656153846153847,0,1
2020.0,1800.0,220.0,0.67,0.33,0.34,0,0,0,9.776153846153846,8.153461538461539,1.6226923076923079,0,2
1800.0,1780.0,20.0,0.33,0.5,-0.16999999999999998,0,0,0,8.37076923076923,7.785,0.5857692307692304,0,1
1800.0,1800.0,0.0,0.33,0.33,0.0,0,0,0,8.296538461538463,9.12346153846154,-0.8269230769230766,1,1
1830.0,1850.0,-20.0,0.5,0.33,0.16999999999999998,0,0,0,8.509615384615385,9.121538461538462,-0.6119230769230768,0,1
1660.0,1760.0,-100.0,0.0,0.0,0.0,0,0,0,6.035,6.701538461538462,-0.6665384615384617,1,0
1800.0,2000.0,-200.0,0.33,1.0,-0.6699999999999999,0,0,0,8.064230769230768,9.767692307692307,-1.7034615384615392,0,0
1750.0,1910.0,-160.0,0.33,0.5,-0.16999999999999998,0,0,0,7.341923076923076,7.631923076923077,-0.2900000000000009,0,1
1800.0,2090.0,-290.0,0.33,0.67,-0.34,0,2,-2,8.37076923076923,9.792692307692308,-1.4219230769230773,0,0
1890.0,2120.0,-230.0,0.0,1.0,-1.0,2,3,-1,7.111923076923077,9.708076923076923,-2.5961538461538467,0,1
1690.0,1890.0,-200.0,0.0,0.0,0.0,0,2,-2,6.010769230769231,7.111923076923077,-1.1011538461538457,0,0
2060.0,1710.0,350.0,1.0,0.0,1.0,0,0,0,9.73423076923077,6.001153846153846,3.733076923076924,0,1
1980.0,2000.0,-20.0,0.33,1.0,-0.6699999999999999,0,0,0,9.437692307692307,9.767692307692307,-0.33000000000000007,0,0
2120.0,1800.0,320.0,1.0,0.33,0.6699999999999999,3,0,3,9.708076923076923,8.311153846153847,1.396923076923077,1,2
2080.0,1800.0,280.0,0.5,0.33,0.16999999999999998,0,0,0,9.02076923076923,8.37076923076923,0.6500000000000004,0,1
1760.0,1660.0,100.0,0.0,0.0,0.0,0,0,0,6.701538461538462,6.035,0.6665384615384617,0,1
2140.0,1980.0,160.0,0.67,0.33,0.34,0,0,0,9.733846153846155,9.423461538461538,0.31038461538461704,1,2
1980.0,1980.0,0.0,0.33,0.33,0.0,0,0,0,9.437692307692307,9.423461538461538,0.014230769230769269,0,0
1850.0,1830.0,20.0,0.33,0.5,-0.16999999999999998,0,0,0,9.121538461538462,8.509615384615385,0.6119230769230768,0,1
2080.0,2090.0,-10.0,0.5,0.67,-0.17000000000000004,1,2,-1,8.685,9.792692307692308,-1.1076923076923073,0,0
2140.0,2000.0,140.0,0.67,1.0,-0.32999999999999996,0,0,0,9.733846153846155,9.767692307692307,-0.033846153846152305,0,2
1840.0,1750.0,90.0,0.67,0.33,0.34,0,0,0,9.64076923076923,7.341923076923076,2.2988461538461538,0,0
1800.0,2140.0,-340.0,0.33,0.67,-0.34,0,1,-1,8.153461538461539,9.739230769230769,-1.5857692307692304,0,1
1800.0,2080.0,-280.0,0.33,0.5,-0.16999999999999998,0,0,0,8.37076923076923,9.02076923076923,-0.6500000000000004,0,0
1710.0,2060.0,-350.0,0.0,1.0,-1.0,0,0,0,6.001153846153846,9.73423076923077,-3.733076923076924,0,0
1890.0,1690.0,200.0,0.0,0.0,0.0,2,0,2,7.111923076923077,6.010769230769231,1.1011538461538457,0,2
1710.0,1760.0,-50.0,0.0,0.0,0.0,0,0,0,5.970769230769231,6.701538461538462,-0.7307692307692308,0,1
1710.0,1690.0,20.0,0.0,0.0,0.0,0,0,0,5.970769230769231,6.010769230769231,-0.040000000000000036,0,1
1800.0,1800.0,0.0,0.33,0.33,0.0,0,0,0,8.296538461538463,8.311153846153847,-0.01461538461538403,1,0
1780.0,1890.0,-110.0,0.5,0.0,0.5,0,2,-2,7.785,7.111923076923077,0.6730769230769234,0,2
2000.0,1660.0,340.0,1.0,0.0,1.0,0,0,0,9.767692307692307,5.924615384615384,3.8430769230769233,1,2
2180.0,2140.0,40.0,1.0,0.67,0.32999999999999996,2,0,2,9.717307692307692,9.733846153846155,-0.016538461538463167,0,1
1980.0,1710.0,270.0,0.33,0.0,0.33,0,0,0,9.423461538461538,6.001153846153846,3.422307692307692,0,1
1800.0,2140.0,-340.0,0.33,0.67,-0.34,0,5,-5,8.153461538461539,9.793461538461539,-1.6400000000000006,0,0
2020.0,1910.0,110.0,0.67,0.5,0.17000000000000004,0,0,0,9.796923076923077,7.631923076923077,2.165,0,2
2140.0,1800.0,340.0,0.67,0.33,0.34,0,0,0,9.733846153846155,8.311153846153847,1.4226923076923086,0,2
1800.0,1800.0,0.0,0.33,0.33,0.0,0,0,0,8.296538461538463,8.153461538461539,0.143076923076924,0,2
2180.0,1840.0,340.0,1.0,0.67,0.32999999999999996,2,0,2,9.717307692307692,9.64076923076923,0.07653846153846189,0,1
1710.0,1800.0,-90.0,0.0,0.33,-0.33,0,0,0,6.001153846153846,8.153461538461539,-2.1523076923076925,0,2
2000.0,1750.0,250.0,1.0,0.33,0.6699999999999999,0,0,0,9.767692307692307,8.043076923076923,1.7246153846153849,1,2
2060.0,1800.0,260.0,1.0,0.33,0.6699999999999999,0,0,0,9.73423076923077,8.311153846153847,1.4230769230769234,1,1
2140.0,1830.0,310.0,0.67,0.5,0.17000000000000004,0,0,0,9.733846153846155,8.509615384615385,1.2242307692307701,0,1
2180.0,1800.0,380.0,1.0,0.33,0.6699999999999999,2,0,2,9.717307692307692,8.064230769230768,1.6530769230769238,0,2
1800.0,1980.0,-180.0,0.33,0.33,0.0,0,0,0,8.37076923076923,9.437692307692307,-1.0669230769230769,0,0
2140.0,1690.0,450.0,0.67,0.0,0.67,5,0,5,9.793461538461539,6.078076923076923,3.7153846153846164,0,1
1800.0,2080.0,-280.0,0.33,0.5,-0.16999999999999998,0,1,-1,8.311153846153847,8.685,-0.37384615384615394,1,2
2000.0,1690.0,310.0,1.0,0.0,1.0,0,0,0,9.767692307692307,6.010769230769231,3.7569230769230764,1,1
1910.0,1800.0,110.0,0.5,0.33,0.16999999999999998,0,0,0,7.631923076923077,8.296538461538463,-0.6646153846153853,1,1
2060.0,2080.0,-20.0,1.0,0.5,0.5,0,0,0,9.73423076923077,9.02076923076923,0.713461538461539,1,0
1980.0,1660.0,320.0,0.33,0.0,0.33,0,0,0,9.437692307692307,5.924615384615384,3.513076923076923,0,1
2140.0,1910.0,230.0,0.67,0.5,0.17000000000000004,5,0,5,9.793461538461539,7.631923076923077,2.161538461538462,0,1
2140.0,2140.0,0.0,0.67,0.67,0.0,1,0,1,9.739230769230769,9.733846153846155,0.005384615384613767,1,0
2020.0,1800.0,220.0,0.67,0.33,0.34,0,0,0,9.796923076923077,8.311153846153847,1.4857692307692307,1,1
2090.0,2080.0,10.0,0.67,0.5,0.17000000000000004,2,0,2,9.792692307692308,9.02076923076923,0.7719230769230769,1,1
1980.0,1780.0,200.0,0.33,0.5,-0.16999999999999998,0,0,0,9.437692307692307,7.485769230769231,1.9519230769230766,1,1
2140.0,2060.0,80.0,0.67,1.0,-0.32999999999999996,5,0,5,9.793461538461539,9.73423076923077,0.0592307692307692,0,2
1800.0,2140.0,-340.0,0.33,0.67,-0.34,0,0,0,8.296538461538463,9.733846153846155,-1.4373076923076926,1,0
1890.0,2080.0,-190.0,0.0,0.5,-0.5,2,1,1,7.111923076923077,8.685,-1.5730769230769237,1,1
2020.0,2180.0,-160.0,0.67,1.0,-0.32999999999999996,0,2,-2,9.796923076923077,9.717307692307692,0.07961538461538531,1,0
2120.0,1810.0,310.0,1.0,0.0,1.0,3,0,3,9.708076923076923,7.837307692307693,1.8707692307692305,1,1
2090.0,1830.0,260.0,0.67,0.5,0.17000000000000004,2,0,2,9.792692307692308,8.509615384615385,1.2830769230769228,1,2
1800.0,2140.0,-340.0,0.33,0.67,-0.34,0,1,-1,8.296538461538463,9.739230769230769,-1.4426923076923064,1,0
1910.0,2060.0,-150.0,0.5,1.0,-0.5,0,0,0,7.631923076923077,9.73423076923077,-2.1023076923076927,1,0
1980.0,2000.0,-20.0,0.33,1.0,-0.6699999999999999,0,0,0,9.423461538461538,9.767692307692307,-0.34423076923076934,1,0
1800.0,2180.0,-380.0,0.33,1.0,-0.6699999999999999,0,2,-2,8.311153846153847,9.717307692307692,-1.4061538461538454,1,2
2080.0,1830.0,250.0,0.5,0.5,0.0,0,0,0,9.02076923076923,8.509615384615385,0.5111538461538458,1,1
2000.0,1890.0,110.0,1.0,0.0,1.0,0,2,-2,9.767692307692307,7.111923076923077,2.6557692307692307,1,1
2140.0,2060.0,80.0,0.67,1.0,-0.32999999999999996,0,0,0,9.733846153846155,9.73423076923077,-0.0003846153846147615,1,1
2090.0,1780.0,310.0,0.67,0.5,0.17000000000000004,2,0,2,9.792692307692308,7.485769230769231,2.306923076923077,1,1
2120.0,2020.0,100.0,1.0,0.67,0.32999999999999996,3,0,3,9.708076923076923,9.796923076923077,-0.0888461538461538,1,1
2140.0,2000.0,140.0,0.67,1.0,-0.32999999999999996,5,0,5,9.793461538461539,9.767692307692307,0.025769230769231655,0,1
2180.0,2090.0,90.0,1.0,0.67,0.32999999999999996,2,2,0,9.717307692307692,9.792692307692308,-0.07538461538461583,1,0
2120.0,1980.0,140.0,1.0,0.33,0.6699999999999999,3,0,3,9.708076923076923,9.437692307692307,0.2703846153846161,1,1
2140.0,2090.0,50.0,0.67,0.67,0.0,5,2,3,9.793461538461539,9.792692307692308,0.0007692307692312994,0,0
2140.0,2120.0,20.0,0.67,1.0,-0.32999999999999996,0,3,-3,9.733846153846155,9.708076923076923,0.025769230769231655,1,2
2140.0,2140.0,0.0,0.67,0.67,0.0,5,0,5,9.793461538461539,9.733846153846155,0.05961538461538396,0,0
2090.0,2120.0,-30.0,0.67,1.0,-0.32999999999999996,2,3,-1,9.792692307692308,9.708076923076923,0.08461538461538431,1,1
2080.0,1840.0,240.0,0.5,0.67,-0.17000000000000004,1,0,1,8.685,9.64076923076923,-0.9557692307692296,0,1
2090.0,2120.0,-30.0,0.67,1.0,-0.32999999999999996,2,3,-1,9.792692307692308,9.708076923076923,0.08461538461538431,0,0
2020.0,1710.0,310.0,0.67,0.0,0.67,0,0,0,9.776153846153846,5.970769230769231,3.8053846153846154,0,2
1980.0,1800.0,180.0,0.33,0.33,0.0,0,0,0,9.437692307692307,8.296538461538463,1.1411538461538449,0,1
2180.0,2140.0,40.0,1.0,0.67,0.32999999999999996,2,1,1,9.717307692307692,9.739230769230769,-0.021923076923076934,0,1
1690.0,1690.0,0.0,0.0,0.0,0.0,0,0,0,6.0600000000000005,6.010769230769231,0.04923076923076941,0,1
1980.0,1890.0,90.0,0.33,0.0,0.33,0,2,-2,9.423461538461538,7.111923076923077,2.3115384615384613,0,0
2140.0,2000.0,140.0,0.67,1.0,-0.32999999999999996,5,0,5,9.793461538461539,9.767692307692307,0.025769230769231655,1,1
1750.0,1850.0,-100.0,0.33,0.33,0.0,0,0,0,8.043076923076923,9.121538461538462,-1.0784615384615392,0,1
2090.0,1750.0,340.0,0.67,0.33,0.34,2,0,2,9.792692307692308,7.341923076923076,2.4507692307692315,0,1
1800.0,1760.0,40.0,0.33,0.0,0.33,0,0,0,8.296538461538463,6.701538461538462,1.5950000000000006,1,1
1780.0,1800.0,-20.0,0.5,0.33,0.16999999999999998,0,0,0,7.785,8.37076923076923,-0.5857692307692304,0,2
2020.0,2080.0,-60.0,0.67,0.5,0.17000000000000004,0,1,-1,9.796923076923077,8.685,1.1119230769230768,0,0
1690.0,1710.0,-20.0,0.0,0.0,0.0,0,0,0,6.0600000000000005,6.001153846153846,0.058846153846154436,0,1
1850.0,1660.0,190.0,0.33,0.0,0.33,0,0,0,9.121538461538462,5.924615384615384,3.1969230769230776,0,0
1710.0,1690.0,20.0,0.0,0.0,0.0,0,0,0,5.970769230769231,6.0600000000000005,-0.08923076923076945,0,1
1760.0,1890.0,-130.0,0.0,0.0,0.0,0,2,-2,6.701538461538462,7.111923076923077,-0.4103846153846149,0,2
1750.0,1660.0,90.0,0.33,0.0,0.33,0,0,0,8.043076923076923,5.924615384615384,2.1184615384615384,0,2
2120.0,2140.0,-20.0,1.0,0.67,0.32999999999999996,3,5,-2,9.708076923076923,9.793461538461539,-0.08538461538461561,1,0
2180.0,2080.0,100.0,1.0,0.5,0.5,2,0,2,9.717307692307692,9.02076923076923,0.6965384615384611,0,1
2060.0,1690.0,370.0,1.0,0.0,1.0,0,0,0,9.73423076923077,6.078076923076923,3.656153846153847,0,1
1980.0,2140.0,-160.0,0.33,0.67,-0.34,0,5,-5,9.423461538461538,9.793461538461539,-0.370000000000001,1,0
1710.0,1800.0,-90.0,0.0,0.33,-0.33,0,0,0,5.970769230769231,8.296538461538463,-2.3257692307692315,0,1
1660.0,1750.0,-90.0,0.0,0.33,-0.33,0,0,0,5.924615384615384,8.043076923076923,-2.1184615384615384,0,1
2120.0,1910.0,210.0,1.0,0.5,0.5,3,0,3,9.708076923076923,7.631923076923077,2.0761538461538462,1,1
2140.0,2060.0,80.0,0.67,1.0,-0.32999999999999996,0,0,0,9.733846153846155,9.73423076923077,-0.0003846153846147615,0,0
1760.0,1710.0,50.0,0.0,0.0,0.0,0,0,0,6.701538461538462,5.970769230769231,0.7307692307692308,0,2
1850.0,1750.0,100.0,0.33,0.33,0.0,0,0,0,9.121538461538462,8.043076923076923,1.0784615384615392,0,0
1780.0,2140.0,-360.0,0.5,0.67,-0.17000000000000004,0,5,-5,7.785,9.793461538461539,-2.008461538461539,0,0
2180.0,1800.0,380.0,1.0,0.33,0.6699999999999999,2,0,2,9.717307692307692,8.37076923076923,1.3465384615384615,0,1
1980.0,1800.0,180.0,0.33,0.33,0.0,0,0,0,9.423461538461538,8.296538461538463,1.1269230769230756,0,1
1690.0,1800.0,-110.0,0.0,0.33,-0.33,0,0,0,6.078076923076923,9.12346153846154,-3.0453846153846165,0,2
2080.0,2120.0,-40.0,0.5,1.0,-0.5,0,3,-3,9.02076923076923,9.708076923076923,-0.6873076923076926,1,1
1750.0,2080.0,-330.0,0.33,0.5,-0.16999999999999998,0,1,-1,7.341923076923076,8.685,-1.3430769230769242,0,0
2140.0,2090.0,50.0,0.67,0.67,0.0,1,2,-1,9.739230769230769,9.792692307692308,-0.05346153846153889,0,0
1660.0,1850.0,-190.0,0.0,0.33,-0.33,0,0,0,5.924615384615384,9.121538461538462,-3.1969230769230776,0,1
1760.0,1710.0,50.0,0.0,0.0,0.0,0,0,0,6.701538461538462,5.970769230769231,0.7307692307692308,0,0
1690.0,1690.0,0.0,0.0,0.0,0.0,0,0,0,6.0600000000000005,6.010769230769231,0.04923076923076941,1,1
1690.0,1660.0,30.0,0.0,0.0,0.0,0,0,0,6.0600000000000005,6.035,0.025000000000000355,1,1
1690.0,1660.0,30.0,0.0,0.0,0.0,0,0,0,6.0600000000000005,6.035,0.025000000000000355,1,2
1810.0,1660.0,150.0,0.0,0.0,0.0,0,0,0,7.837307692307693,6.035,1.8023076923076928,1,1
1660.0,1780.0,-120.0,0.0,0.5,-0.5,0,0,0,5.924615384615384,7.485769230769231,-1.5611538461538466,0,2
1690.0,1660.0,30.0,0.0,0.0,0.0,0,0,0,6.010769230769231,6.035,-0.024230769230769056,1,0
1710.0,1810.0,-100.0,0.0,0.0,0.0,0,0,0,5.970769230769231,7.837307692307693,-1.866538461538462,1,0
1660.0,1980.0,-320.0,0.0,0.33,-0.33,0,0,0,6.035,9.423461538461538,-3.388461538461538,1,0
1690.0,1760.0,-70.0,0.0,0.0,0.0,0,0,0,6.0600000000000005,6.701538461538462,-0.6415384615384614,1,1
1780.0,1800.0,-20.0,0.5,0.33,0.16999999999999998,0,0,0,7.485769230769231,8.153461538461539,-0.6676923076923078,1,1
1830.0,1750.0,80.0,0.5,0.33,0.16999999999999998,0,0,0,8.509615384615385,8.043076923076923,0.46653846153846246,1,0
1980.0,1690.0,290.0,0.33,0.0,0.33,0,0,0,9.423461538461538,6.010769230769231,3.412692307692307,1,1
1830.0,1780.0,50.0,0.5,0.5,0.0,0,0,0,8.509615384615385,7.485769230769231,1.0238461538461543,1,1
1810.0,1660.0,150.0,0.0,0.0,0.0,0,0,0,7.837307692307693,6.035,1.8023076923076928,1,2
1800.0,1750.0,50.0,0.33,0.33,0.0,0,0,0,8.153461538461539,8.043076923076923,0.11038461538461597,1,2
1750.0,1780.0,-30.0,0.33,0.5,-0.16999999999999998,0,0,0,8.043076923076923,7.485769230769231,0.5573076923076918,1,0
1800.0,1830.0,-30.0,0.33,0.5,-0.16999999999999998,0,0,0,8.153461538461539,8.509615384615385,-0.3561538461538465,1,0
2090.0,1800.0,290.0,0.67,0.33,0.34,2,0,2,9.792692307692308,8.296538461538463,1.4961538461538453,0,2
2180.0,2140.0,40.0,1.0,0.67,0.32999999999999996,2,5,-3,9.717307692307692,9.793461538461539,-0.07615384615384713,0,0
1710.0,1780.0,-70.0,0.0,0.5,-0.5,0,0,0,5.970769230769231,7.485769230769231,-1.5149999999999997,0,1
1980.0,1660.0,320.0,0.33,0.0,0.33,0,0,0,9.423461538461538,5.924615384615384,3.498846153846154,0,1
1910.0,1840.0,70.0,0.5,0.67,-0.17000000000000004,0,0,0,7.631923076923077,9.64076923076923,-2.008846153846153,0,1
1830.0,1750.0,80.0,0.5,0.33,0.16999999999999998,0,0,0,8.509615384615385,8.043076923076923,0.46653846153846246,1,0
2020.0,1890.0,130.0,0.67,0.0,0.67,0,2,-2,9.776153846153846,7.111923076923077,2.6642307692307696,0,0
1760.0,1690.0,70.0,0.0,0.0,0.0,0,0,0,6.701538461538462,6.010769230769231,0.6907692307692308,0,1
2120.0,1800.0,320.0,1.0,0.33,0.6699999999999999,3,0,3,9.708076923076923,8.311153846153847,1.396923076923077,1,1
1980.0,1690.0,290.0,0.33,0.0,0.33,0,0,0,9.423461538461538,6.0600000000000005,3.3634615384615376,0,1
2140.0,2140.0,0.0,0.67,0.67,0.0,0,1,-1,9.733846153846155,9.739230769230769,-0.005384615384613767,0,1
1800.0,1810.0,-10.0,0.33,0.0,0.33,0,0,0,8.37076923076923,7.837307692307693,0.5334615384615375,0,1
1690.0,1800.0,-110.0,0.0,0.33,-0.33,0,0,0,6.078076923076923,8.311153846153847,-2.233076923076924,0,2
1750.0,1710.0,40.0,0.33,0.0,0.33,0,0,0,7.341923076923076,5.970769230769231,1.3711538461538453,0,1
1800.0,1690.0,110.0,0.33,0.0,0.33,0,0,0,8.311153846153847,6.078076923076923,2.233076923076924,0,1
2140.0,2060.0,80.0,0.67,1.0,-0.32999999999999996,5,0,5,9.793461538461539,9.73423076923077,0.0592307692307692,0,1
2180.0,1980.0,200.0,1.0,0.33,0.6699999999999999,2,0,2,9.717307692307692,9.437692307692307,0.2796153846153846,0,0
1840.0,1800.0,40.0,0.67,0.33,0.34,0,0,0,9.64076923076923,8.37076923076923,1.2699999999999996,0,2
1980.0,1660.0,320.0,0.33,0.0,0.33,0,0,0,9.423461538461538,6.035,3.388461538461538,0,1
1690.0,1810.0,-120.0,0.0,0.0,0.0,0,0,0,6.0600000000000005,7.837307692307693,-1.7773076923076925,0,0
2120.0,1800.0,320.0,1.0,0.33,0.6699999999999999,3,0,3,9.708076923076923,8.064230769230768,1.6438461538461553,1,2
2120.0,1890.0,230.0,1.0,0.0,1.0,3,2,1,9.708076923076923,7.111923076923077,2.5961538461538467,1,1
2140.0,2000.0,140.0,0.67,1.0,-0.32999999999999996,5,0,5,9.793461538461539,9.767692307692307,0.025769230769231655,1,0
2060.0,1800.0,260.0,1.0,0.33,0.6699999999999999,0,0,0,9.73423076923077,8.311153846153847,1.4230769230769234,1,0
1890.0,1800.0,90.0,0.0,0.33,-0.33,2,0,2,7.111923076923077,8.064230769230768,-0.9523076923076914,1,2
2120.0,2000.0,120.0,1.0,1.0,0.0,3,0,3,9.708076923076923,9.767692307692307,-0.05961538461538396,1,2
2140.0,1800.0,340.0,0.67,0.33,0.34,5,0,5,9.793461538461539,8.064230769230768,1.729230769230771,1,2
2120.0,1800.0,320.0,1.0,0.33,0.6699999999999999,3,0,3,9.708076923076923,8.064230769230768,1.6438461538461553,1,1
1690.0,1660.0,30.0,0.0,0.0,0.0,0,0,0,6.078076923076923,6.056538461538461,0.021538461538461284,1,2
1690.0,2060.0,-370.0,0.0,1.0,-1.0,0,0,0,6.078076923076923,9.73423076923077,-3.656153846153847,1,0
2080.0,2180.0,-100.0,0.5,1.0,-0.5,0,2,-2,9.02076923076923,9.717307692307692,-0.6965384615384611,0,0
1840.0,1910.0,-70.0,0.67,0.5,0.17000000000000004,0,0,0,9.64076923076923,7.631923076923077,2.008846153846153,0,1
1750.0,2090.0,-340.0,0.33,0.67,-0.34,0,2,-2,7.341923076923076,9.792692307692308,-2.4507692307692315,0,0
2080.0,2020.0,60.0,0.5,0.67,-0.17000000000000004,1,0,1,8.685,9.796923076923077,-1.1119230769230768,0,1
2060.0,2120.0,-60.0,1.0,1.0,0.0,0,3,-3,9.73423076923077,9.708076923076923,0.026153846153846416,1,2
1800.0,1750.0,50.0,0.33,0.33,0.0,0,0,0,8.153461538461539,8.043076923076923,0.11038461538461597,0,1
1800.0,1780.0,20.0,0.33,0.5,-0.16999999999999998,0,0,0,8.37076923076923,7.785,0.5857692307692304,0,0
1690.0,1660.0,30.0,0.0,0.0,0.0,0,0,0,6.010769230769231,6.035,-0.024230769230769056,0,1
2120.0,1800.0,320.0,1.0,0.33,0.6699999999999999,3,0,3,9.708076923076923,8.311153846153847,1.396923076923077,0,0
1690.0,1800.0,-110.0,0.0,0.33,-0.33,0,0,0,6.010769230769231,8.296538461538463,-2.2857692307692314,0,1
1780.0,1750.0,30.0,0.5,0.33,0.16999999999999998,0,0,0,7.485769230769231,8.043076923076923,-0.5573076923076918,0,1
1810.0,1980.0,-170.0,0.0,0.33,-0.33,0,0,0,7.837307692307693,9.423461538461538,-1.5861538461538451,0,2
1800.0,2120.0,-320.0,0.33,1.0,-0.6699999999999999,0,3,-3,8.064230769230768,9.708076923076923,-1.6438461538461553,0,2
1890.0,2000.0,-110.0,0.0,1.0,-1.0,2,0,2,7.111923076923077,9.767692307692307,-2.6557692307692307,0,1
1800.0,1890.0,-90.0,0.33,0.0,0.33,0,2,-2,8.311153846153847,7.111923076923077,1.1992307692307698,0,1
2120.0,2140.0,-20.0,1.0,0.67,0.32999999999999996,3,5,-2,9.708076923076923,9.793461538461539,-0.08538461538461561,0,2
2180.0,2090.0,90.0,1.0,0.67,0.32999999999999996,2,2,0,9.717307692307692,9.792692307692308,-0.07538461538461583,0,1
2140.0,2080.0,60.0,0.67,0.5,0.17000000000000004,1,1,0,9.739230769230769,8.685,1.0542307692307684,0,1
1780.0,2020.0,-240.0,0.5,0.67,-0.17000000000000004,0,0,0,7.785,9.796923076923077,-2.011923076923077,0,0
2000.0,2120.0,-120.0,1.0,1.0,0.0,0,3,-3,9.767692307692307,9.708076923076923,0.05961538461538396,0,0
2080.0,2180.0,-100.0,0.5,1.0,-0.5,1,2,-1,8.685,9.717307692307692,-1.0323076923076915,0,1
1850.0,1690.0,160.0,0.33,0.0,0.33,0,0,0,9.121538461538462,6.010769230769231,3.1107692307692307,0,0
1800.0,1800.0,0.0,0.33,0.33,0.0,0,0,0,8.311153846153847,8.064230769230768,0.24692307692307836,0,2
2140.0,1890.0,250.0,0.67,0.0,0.67,5,2,3,9.793461538461539,7.111923076923077,2.6815384615384623,0,2
1800.0,2060.0,-260.0,0.33,1.0,-0.6699999999999999,0,0,0,9.12346153846154,9.73423076923077,-0.6107692307692307,0,0
1660.0,1690.0,-30.0,0.0,0.0,0.0,0,0,0,6.056538461538461,6.078076923076923,-0.021538461538461284,0,2
2140.0,2180.0,-40.0,0.67,1.0,-0.32999999999999996,0,2,-2,9.733846153846155,9.717307692307692,0.016538461538463167,0,0
2090.0,2080.0,10.0,0.67,0.5,0.17000000000000004,2,1,1,9.792692307692308,8.685,1.1076923076923073,0,0
1800.0,1690.0,110.0,0.33,0.0,0.33,0,0,0,8.296538461538463,6.010769230769231,2.2857692307692314,0,1
2000.0,1800.0,200.0,1.0,0.33,0.6699999999999999,0,0,0,9.767692307692307,8.311153846153847,1.456538461538461,0,1
2080.0,2140.0,-60.0,0.5,0.67,-0.17000000000000004,1,0,1,8.685,9.733846153846155,-1.0488461538461546,0,0
2060.0,1800.0,260.0,1.0,0.33,0.6699999999999999,0,0,0,9.73423076923077,9.12346153846154,0.6107692307692307,0,1
1690.0,1660.0,30.0,0.0,0.0,0.0,0,0,0,6.078076923076923,6.056538461538461,0.021538461538461284,0,1
1800.0,2140.0,-340.0,0.33,0.67,-0.34,0,5,-5,8.064230769230768,9.793461538461539,-1.729230769230771,0,2
2080.0,1980.0,100.0,0.5,0.33,0.16999999999999998,0,0,0,9.02076923076923,9.437692307692307,-0.4169230769230765,0,1
2080.0,1800.0,280.0,0.5,0.33,0.16999999999999998,1,0,1,8.685,8.296538461538463,0.38846153846153797,0,1
2060.0,1800.0,260.0,1.0,0.33,0.6699999999999999,0,0,0,9.73423076923077,8.064230769230768,1.6700000000000017,1,1
2020.0,1980.0,40.0,0.67,0.33,0.34,0,0,0,9.796923076923077,9.437692307692307,0.3592307692307699,0,0
2080.0,1840.0,240.0,0.5,0.67,-0.17000000000000004,0,0,0,9.02076923076923,9.64076923076923,-0.6199999999999992,0,1
2080.0,2080.0,0.0,0.5,0.5,0.0,1,0,1,8.685,9.02076923076923,-0.3357692307692304,0,1
1780.0,2140.0,-360.0,0.5,0.67,-0.17000000000000004,0,0,0,7.785,9.733846153846155,-1.948846153846155,0,0
2140.0,1800.0,340.0,0.67,0.33,0.34,5,0,5,9.793461538461539,8.311153846153847,1.4823076923076925,1,2
2180.0,1750.0,430.0,1.0,0.33,0.6699999999999999,2,0,2,9.717307692307692,7.341923076923076,2.3753846153846156,0,1
1980.0,1840.0,140.0,0.33,0.67,-0.34,0,0,0,9.437692307692307,9.64076923076923,-0.2030769230769227,0,1
2060.0,1890.0,170.0,1.0,0.0,1.0,0,2,-2,9.73423076923077,7.111923076923077,2.622307692307693,1,1
1800.0,1690.0,110.0,0.33,0.0,0.33,0,0,0,9.12346153846154,6.0600000000000005,3.0634615384615387,1,1
2000.0,1800.0,200.0,1.0,0.33,0.6699999999999999,0,0,0,9.767692307692307,8.064230769230768,1.7034615384615392,1,1
2140.0,1660.0,480.0,0.67,0.0,0.67,5,0,5,9.793461538461539,6.056538461538461,3.7369230769230777,1,1
2120.0,1690.0,430.0,1.0,0.0,1.0,3,0,3,9.708076923076923,6.078076923076923,3.630000000000001,1,1
1800.0,1660.0,140.0,0.33,0.0,0.33,0,0,0,8.311153846153847,6.056538461538461,2.254615384615385,1,1
2080.0,1780.0,300.0,0.5,0.5,0.0,0,0,0,9.02076923076923,7.785,1.2357692307692307,1,2
2180.0,2020.0,160.0,1.0,0.67,0.32999999999999996,2,0,2,9.717307692307692,9.796923076923077,-0.07961538461538531,0,2
1910.0,2140.0,-230.0,0.5,0.67,-0.17000000000000004,0,1,-1,7.631923076923077,9.739230769230769,-2.1073076923076917,1,1
1800.0,1980.0,-180.0,0.33,0.33,0.0,0,0,0,8.37076923076923,9.437692307692307,-1.0669230769230769,1,0
1910.0,2080.0,-170.0,0.5,0.5,0.0,0,0,0,7.631923076923077,9.02076923076923,-1.3888461538461536,1,0
2180.0,2090.0,90.0,1.0,0.67,0.32999999999999996,2,2,0,9.717307692307692,9.792692307692308,-0.07538461538461583,0,1
2180.0,2080.0,100.0,1.0,0.5,0.5,2,0,2,9.717307692307692,9.02076923076923,0.6965384615384611,0,0
1690.0,1660.0,30.0,0.0,0.0,0.0,0,0,0,6.0600000000000005,6.035,0.025000000000000355,0,1
1710.0,1660.0,50.0,0.0,0.0,0.0,0,0,0,5.970769230769231,6.035,-0.06423076923076909,0,1
1690.0,1710.0,-20.0,0.0,0.0,0.0,0,0,0,6.010769230769231,5.970769230769231,0.040000000000000036,1,0
2120.0,1890.0,230.0,1.0,0.0,1.0,3,2,1,9.708076923076923,7.111923076923077,2.5961538461538467,0,1
1800.0,1660.0,140.0,0.33,0.0,0.33,0,0,0,8.296538461538463,6.035,2.2615384615384624,0,1
1980.0,2140.0,-160.0,0.33,0.67,-0.34,0,1,-1,9.437692307692307,9.739230769230769,-0.30153846153846153,0,0
1800.0,2140.0,-340.0,0.33,0.67,-0.34,0,5,-5,8.311153846153847,9.793461538461539,-1.4823076923076925,0,0
1810.0,1710.0,100.0,0.0,0.0,0.0,0,0,0,7.837307692307693,5.970769230769231,1.866538461538462,0,1
1840.0,2090.0,-250.0,0.67,0.67,0.0,0,2,-2,9.64076923076923,9.792692307692308,-0.15192307692307772,0,0
2140.0,2000.0,140.0,0.67,1.0,-0.32999999999999996,5,0,5,9.793461538461539,9.767692307692307,0.025769230769231655,0,1
1660.0,1760.0,-100.0,0.0,0.0,0.0,0,0,0,6.035,6.701538461538462,-0.6665384615384617,1,0
1710.0,1690.0,20.0,0.0,0.0,0.0,0,0,0,5.970769230769231,6.0600000000000005,-0.08923076923076945,0,0
1800.0,1850.0,-50.0,0.33,0.33,0.0,0,0,0,8.153461538461539,9.121538461538462,-0.9680769230769233,0,1
1800.0,2140.0,-340.0,0.33,0.67,-0.34,0,0,0,8.37076923076923,9.733846153846155,-1.3630769230769246,0,2
2020.0,2080.0,-60.0,0.67,0.5,0.17000000000000004,0,0,0,9.796923076923077,9.02076923076923,0.7761538461538464,0,1
1890.0,1800.0,90.0,0.0,0.33,-0.33,2,0,2,7.111923076923077,8.064230769230768,-0.9523076923076914,0,1
1980.0,1660.0,320.0,0.33,0.0,0.33,0,0,0,9.423461538461538,6.035,3.388461538461538,0,1
1800.0,2000.0,-200.0,0.33,1.0,-0.6699999999999999,0,0,0,8.064230769230768,9.767692307692307,-1.7034615384615392,0,0
1760.0,1800.0,-40.0,0.0,0.33,-0.33,0,0,0,6.701538461538462,8.296538461538463,-1.5950000000000006,0,2
1690.0,1810.0,-120.0,0.0,0.0,0.0,0,0,0,6.0600000000000005,7.837307692307693,-1.7773076923076925,0,0
2060.0,1710.0,350.0,1.0,0.0,1.0,0,0,0,9.73423076923077,6.001153846153846,3.733076923076924,1,1
2140.0,2180.0,-40.0,0.67,1.0,-0.32999999999999996,0,2,-2,9.733846153846155,9.717307692307692,0.016538461538463167,0,0
2120.0,1800.0,320.0,1.0,0.33,0.6699999999999999,3,0,3,9.708076923076923,8.064230769230768,1.6438461538461553,0,0
1800.0,1980.0,-180.0,0.33,0.33,0.0,0,0,0,8.296538461538463,9.423461538461538,-1.1269230769230756,0,2
2000.0,1890.0,110.0,1.0,0.0,1.0,0,2,-2,9.767692307692307,7.111923076923077,2.6557692307692307,0,2
2060.0,1690.0,370.0,1.0,0.0,1.0,0,0,0,9.73423076923077,6.078076923076923,3.656153846153847,1,1
2020.0,1800.0,220.0,0.67,0.33,0.34,0,0,0,9.776153846153846,9.12346153846154,0.6526923076923072,0,1
1800.0,1830.0,-30.0,0.33,0.5,-0.16999999999999998,0,0,0,8.153461538461539,8.509615384615385,-0.3561538461538465,0,2
1690.0,1660.0,30.0,0.0,0.0,0.0,0,0,0,6.010769230769231,6.035,-0.024230769230769056,0,2
2140.0,1980.0,160.0,0.67,0.33,0.34,0,0,0,9.733846153846155,9.437692307692307,0.29615384615384777,0,2
2140.0,2120.0,20.0,0.67,1.0,-0.32999999999999996,5,3,2,9.793461538461539,9.708076923076923,0.08538461538461561,0,1
1890.0,1800.0,90.0,0.0,0.33,-0.33,2,0,2,7.111923076923077,8.311153846153847,-1.1992307692307698,0,1
1690.0,1690.0,0.0,0.0,0.0,0.0,0,0,0,6.0600000000000005,6.010769230769231,0.04923076923076941,0,1
2080.0,1750.0,330.0,0.5,0.33,0.16999999999999998,1,0,1,8.685,7.341923076923076,1.3430769230769242,0,1
2180.0,1800.0,380.0,1.0,0.33,0.6699999999999999,2,0,2,9.717307692307692,8.37076923076923,1.3465384615384615,0,1
1850.0,1830.0,20.0,0.33,0.5,-0.16999999999999998,0,0,0,9.121538461538462,8.509615384615385,0.6119230769230768,0,1
2120.0,2000.0,120.0,1.0,1.0,0.0,3,0,3,9.708076923076923,9.767692307692307,-0.05961538461538396,0,1
2080.0,2140.0,-60.0,0.5,0.67,-0.17000000000000004,1,1,0,8.685,9.739230769230769,-1.0542307692307684,0,2
1980.0,1760.0,220.0,0.33,0.0,0.33,0,0,0,9.423461538461538,6.701538461538462,2.7219230769230762,0,1
1690.0,2060.0,-370.0,0.0,1.0,-1.0,0,0,0,6.078076923076923,9.73423076923077,-3.656153846153847,0,2
1850.0,1660.0,190.0,0.33,0.0,0.33,0,0,0,9.121538461538462,5.924615384615384,3.1969230769230776,0,1
1660.0,1750.0,-90.0,0.0,0.33,-0.33,0,0,0,5.924615384615384,8.043076923076923,-2.1184615384615384,1,0
1780.0,1660.0,120.0,0.5,0.0,0.5,0,0,0,7.485769230769231,5.924615384615384,1.5611538461538466,1,0
1750.0,1780.0,-30.0,0.33,0.5,-0.16999999999999998,0,0,0,8.043076923076923,7.485769230769231,0.5573076923076918,1,2
1850.0,1830.0,20.0,0.33,0.5,-0.16999999999999998,0,0,0,9.121538461538462,8.509615384615385,0.6119230769230768,1,1
2140.0,2000.0,140.0,0.67,1.0,-0.32999999999999996,5,0,5,9.793461538461539,9.767692307692307,0.025769230769231655,0,1
1850.0,2020.0,-170.0,0.33,0.67,-0.34,0,0,0,9.121538461538462,9.776153846153846,-0.6546153846153846,1,1
1810.0,1660.0,150.0,0.0,0.0,0.0,0,0,0,7.837307692307693,6.035,1.8023076923076928,0,0
2090.0,2080.0,10.0,0.67,0.5,0.17000000000000004,2,1,1,9.792692307692308,8.685,1.1076923076923073,0,1
1750.0,1800.0,-50.0,0.33,0.33,0.0,0,0,0,7.341923076923076,9.12346153846154,-1.7815384615384628,0,2
1660.0,1800.0,-140.0,0.0,0.33,-0.33,0,0,0,6.035,8.296538461538463,-2.2615384615384624,1,2
1800.0,1800.0,0.0,0.33,0.33,0.0,0,0,0,8.064230769230768,8.311153846153847,-0.24692307692307836,0,1
1710.0,1810.0,-100.0,0.0,0.0,0.0,0,0,0,5.970769230769231,7.837307692307693,-1.866538461538462,0,0
1890.0,2140.0,-250.0,0.0,0.67,-0.67,2,5,-3,7.111923076923077,9.793461538461539,-2.6815384615384623,0,0
2140.0,1800.0,340.0,0.67,0.33,0.34,5,0,5,9.793461538461539,8.064230769230768,1.729230769230771,0,1
1800.0,2000.0,-200.0,0.33,1.0,-0.6699999999999999,0,0,0,8.311153846153847,9.767692307692307,-1.456538461538461,0,0
2180.0,2140.0,40.0,1.0,0.67,0.32999999999999996,2,1,1,9.717307692307692,9.739230769230769,-0.021923076923076934,0,0
2020.0,1660.0,360.0,0.67,0.0,0.67,0,0,0,9.776153846153846,5.924615384615384,3.8515384615384622,0,1
2080.0,1800.0,280.0,0.5,0.33,0.16999999999999998,0,0,0,9.02076923076923,8.37076923076923,0.6500000000000004,0,0
1760.0,1660.0,100.0,0.0,0.0,0.0,0,0,0,6.701538461538462,6.035,0.6665384615384617,0,1
1690.0,1710.0,-20.0,0.0,0.0,0.0,0,0,0,6.0600000000000005,5.970769230769231,0.08923076923076945,0,1
2060.0,1910.0,150.0,1.0,0.5,0.5,0,0,0,9.73423076923077,7.631923076923077,2.1023076923076927,1,0
2020.0,2140.0,-120.0,0.67,0.67,0.0,0,0,0,9.776153846153846,9.733846153846155,0.04230769230769127,0,0
1660.0,1690.0,-30.0,0.0,0.0,0.0,0,0,0,6.035,6.010769230769231,0.024230769230769056,0,1
2180.0,1800.0,380.0,1.0,0.33,0.6699999999999999,2,0,2,9.717307692307692,8.064230769230768,1.6530769230769238,0,1
2140.0,2000.0,140.0,0.67,1.0,-0.32999999999999996,1,0,1,9.739230769230769,9.767692307692307,-0.028461538461538538,0,2
1800.0,1760.0,40.0,0.33,0.0,0.33,0,0,0,8.296538461538463,6.701538461538462,1.5950000000000006,0,1
2120.0,2140.0,-20.0,1.0,0.67,0.32999999999999996,3,5,-2,9.708076923076923,9.793461538461539,-0.08538461538461561,1,1
1800.0,2180.0,-380.0,0.33,1.0,-0.6699999999999999,0,2,-2,8.37076923076923,9.717307692307692,-1.3465384615384615,0,1
1750.0,2080.0,-330.0,0.33,0.5,-0.16999999999999998,0,1,-1,7.341923076923076,8.685,-1.3430769230769242,0,2
1660.0,1850.0,-190.0,0.0,0.33,-0.33,0,0,0,5.924615384615384,9.121538461538462,-3.1969230769230776,0,1
1810.0,1690.0,120.0,0.0,0.0,0.0,0,0,0,7.837307692307693,6.0600000000000005,1.7773076923076925,0,1
1800.0,2140.0,-340.0,0.33,0.67,-0.34,0,5,-5,8.296538461538463,9.793461538461539,-1.4969230769230766,0,0
1800.0,1710.0,90.0,0.33,0.0,0.33,0,0,0,9.12346153846154,6.03423076923077,3.0892307692307694,0,1
2180.0,2080.0,100.0,1.0,0.5,0.5,2,1,1,9.717307692307692,8.685,1.0323076923076915,0,1
1660.0,1980.0,-320.0,0.0,0.33,-0.33,0,0,0,6.035,9.423461538461538,-3.388461538461538,1,2
1840.0,1800.0,40.0,0.67,0.33,0.34,0,0,0,9.64076923076923,8.37076923076923,1.2699999999999996,0,2
2080.0,2060.0,20.0,0.5,1.0,-0.5,0,0,0,9.02076923076923,9.73423076923077,-0.713461538461539,1,2
1800.0,2090.0,-290.0,0.33,0.67,-0.34,0,2,-2,8.296538461538463,9.792692307692308,-1.4961538461538453,1,0
2060.0,1710.0,350.0,1.0,0.0,1.0,0,0,0,9.73423076923077,6.001153846153846,3.733076923076924,1,1
1710.0,2080.0,-370.0,0.0,0.5,-0.5,0,0,0,6.001153846153846,9.02076923076923,-3.019615384615385,1,0
2090.0,2060.0,30.0,0.67,1.0,-0.32999999999999996,2,0,2,9.792692307692308,9.73423076923077,0.0584615384615379,1,1
2060.0,1800.0,260.0,1.0,0.33,0.6699999999999999,0,0,0,9.73423076923077,8.064230769230768,1.6700000000000017,1,1
2080.0,2060.0,20.0,0.5,1.0,-0.5,0,0,0,9.02076923076923,9.73423076923077,-0.713461538461539,1,1
1710.0,2060.0,-350.0,0.0,1.0,-1.0,0,0,0,6.03423076923077,9.73423076923077,-3.7,1,0
2140.0,1800.0,340.0,0.67,0.33,0.34,5,0,5,9.793461538461539,8.311153846153847,1.4823076923076925,0,1
2180.0,2140.0,40.0,1.0,0.67,0.32999999999999996,2,0,2,9.717307692307692,9.733846153846155,-0.016538461538463167,0,1
1980.0,1800.0,180.0,0.33,0.33,0.0,0,0,0,9.423461538461538,8.296538461538463,1.1269230769230756,0,1
1890.0,2120.0,-230.0,0.0,1.0,-1.0,2,3,-1,7.111923076923077,9.708076923076923,-2.5961538461538467,0,2
2060.0,1690.0,370.0,1.0,0.0,1.0,0,0,0,9.73423076923077,6.078076923076923,3.656153846153847,0,1
2090.0,1840.0,250.0,0.67,0.67,0.0,2,0,2,9.792692307692308,9.64076923076923,0.15192307692307772,0,1
2000.0,2140.0,-140.0,1.0,0.67,0.32999999999999996,0,5,-5,9.767692307692307,9.793461538461539,-0.025769230769231655,0,2
1800.0,1890.0,-90.0,0.33,0.0,0.33,0,2,-2,8.064230769230768,7.111923076923077,0.9523076923076914,0,0
1760.0,1980.0,-220.0,0.0,0.33,-0.33,0,0,0,6.701538461538462,9.423461538461538,-2.7219230769230762,0,1
2000.0,1800.0,200.0,1.0,0.33,0.6699999999999999,0,0,0,9.767692307692307,8.064230769230768,1.7034615384615392,0,0
1980.0,1710.0,270.0,0.33,0.0,0.33,0,0,0,9.423461538461538,6.001153846153846,3.422307692307692,0,1
1800.0,2120.0,-320.0,0.33,1.0,-0.6699999999999999,0,3,-3,8.311153846153847,9.708076923076923,-1.396923076923077,0,0
1980.0,1660.0,320.0,0.33,0.0,0.33,0,0,0,9.423461538461538,6.056538461538461,3.3669230769230767,0,2
2140.0,1800.0,340.0,0.67,0.33,0.34,0,0,0,9.733846153846155,8.37076923076923,1.3630769230769246,0,1
2080.0,2020.0,60.0,0.5,0.67,-0.17000000000000004,0,0,0,9.02076923076923,9.796923076923077,-0.7761538461538464,0,1
1710.0,1710.0,0.0,0.0,0.0,0.0,0,0,0,5.970769230769231,6.03423076923077,-0.06346153846153868,0,0
1760.0,1830.0,-70.0,0.0,0.5,-0.5,0,0,0,6.701538461538462,8.509615384615385,-1.8080769230769231,0,0
1810.0,1690.0,120.0,0.0,0.0,0.0,0,0,0,7.837307692307693,6.078076923076923,1.7592307692307703,1,1
1750.0,2140.0,-390.0,0.33,0.67,-0.34,0,0,0,7.341923076923076,9.733846153846155,-2.391923076923079,0,0
1980.0,2060.0,-80.0,0.33,1.0,-0.6699999999999999,0,0,0,9.437692307692307,9.73423076923077,-0.29653846153846253,0,2
2080.0,2090.0,-10.0,0.5,0.67,-0.17000000000000004,1,2,-1,8.685,9.792692307692308,-1.1076923076923073,0,2
1980.0,2140.0,-160.0,0.33,0.67,-0.34,0,5,-5,9.423461538461538,9.793461538461539,-0.370000000000001,1,0
2080.0,1760.0,320.0,0.5,0.0,0.5,0,0,0,9.02076923076923,6.701538461538462,2.319230769230769,0,1
1800.0,1750.0,50.0,0.33,0.33,0.0,0,0,0,8.153461538461539,8.043076923076923,0.11038461538461597,0,0
1830.0,1850.0,-20.0,0.5,0.33,0.16999999999999998,0,0,0,8.509615384615385,9.121538461538462,-0.6119230769230768,0,2
1780.0,1890.0,-110.0,0.5,0.0,0.5,0,2,-2,7.785,7.111923076923077,0.6730769230769234,0,1
1980.0,1980.0,0.0,0.33,0.33,0.0,0,0,0,9.437692307692307,9.423461538461538,0.014230769230769269,0,1
2080.0,2140.0,-60.0,0.5,0.67,-0.17000000000000004,1,5,-4,8.685,9.793461538461539,-1.1084615384615386,0,2
2090.0,2180.0,-90.0,0.67,1.0,-0.32999999999999996,2,2,0,9.792692307692308,9.717307692307692,0.07538461538461583,0,2
1750.0,1800.0,-50.0,0.33,0.33,0.0,0,0,0,8.043076923076923,8.153461538461539,-0.11038461538461597,0,1
1660.0,1710.0,-50.0,0.0,0.0,0.0,0,0,0,6.035,5.970769230769231,0.06423076923076909,1,1
1660.0,1760.0,-100.0,0.0,0.0,0.0,0,0,0,6.035,6.701538461538462,-0.6665384615384617,0,1
1660.0,1710.0,-50.0,0.0,0.0,0.0,0,0,0,6.035,5.970769230769231,0.06423076923076909,0,0
2180.0,2000.0,180.0,1.0,1.0,0.0,2,0,2,9.717307692307692,9.767692307692307,-0.05038461538461547,0,0
2090.0,2140.0,-50.0,0.67,0.67,0.0,2,1,1,9.792692307692308,9.739230769230769,0.05346153846153889,0,2
2140.0,2080.0,60.0,0.67,0.5,0.17000000000000004,0,1,-1,9.733846153846155,8.685,1.0488461538461546,0,0
1840.0,1800.0,40.0,0.67,0.33,0.34,0,0,0,9.64076923076923,8.296538461538463,1.3442307692307676,0,1
2080.0,1850.0,230.0,0.5,0.33,0.16999999999999998,0,0,0,9.02076923076923,9.121538461538462,-0.10076923076923094,1,1
1750.0,1690.0,60.0,0.33,0.0,0.33,0,0,0,8.043076923076923,6.0600000000000005,1.983076923076922,1,2
1660.0,1810.0,-150.0,0.0,0.0,0.0,0,0,0,5.924615384615384,7.837307692307693,-1.9126923076923088,0,1
1800.0,1710.0,90.0,0.33,0.0,0.33,0,0,0,9.12346153846154,6.001153846153846,3.122307692307693,1,1
2080.0,2140.0,-60.0,0.5,0.67,-0.17000000000000004,0,0,0,9.02076923076923,9.733846153846155,-0.7130769230769243,1,0
1780.0,1810.0,-30.0,0.5,0.0,0.5,0,0,0,7.485769230769231,7.837307692307693,-0.35153846153846224,1,0
1800.0,2000.0,-200.0,0.33,1.0,-0.6699999999999999,0,0,0,8.296538461538463,9.767692307692307,-1.471153846153845,1,2
1980.0,1760.0,220.0,0.33,0.0,0.33,0,0,0,9.437692307692307,6.701538461538462,2.7361538461538455,0,1
2090.0,2140.0,-50.0,0.67,0.67,0.0,2,5,-3,9.792692307692308,9.793461538461539,-0.0007692307692312994,0,0
2060.0,1910.0,150.0,1.0,0.5,0.5,0,0,0,9.73423076923077,7.631923076923077,2.1023076923076927,1,0
2020.0,1690.0,330.0,0.67,0.0,0.67,0,0,0,9.776153846153846,6.0600000000000005,3.716153846153846,0,1
2140.0,2120.0,20.0,0.67,1.0,-0.32999999999999996,1,3,-2,9.739230769230769,9.708076923076923,0.03115384615384542,0,1
2020.0,1690.0,330.0,0.67,0.0,0.67,0,0,0,9.796923076923077,6.078076923076923,3.7188461538461546,0,1
1780.0,1760.0,20.0,0.5,0.0,0.5,0,0,0,7.485769230769231,6.701538461538462,0.7842307692307688,1,0
1810.0,1690.0,120.0,0.0,0.0,0.0,0,0,0,7.837307692307693,6.0600000000000005,1.7773076923076925,0,1
2080.0,1660.0,420.0,0.5,0.0,0.5,0,0,0,9.02076923076923,5.924615384615384,3.0961538461538467,0,2
2120.0,1660.0,460.0,1.0,0.0,1.0,3,0,3,9.708076923076923,6.056538461538461,3.651538461538462,0,1
1980.0,1830.0,150.0,0.33,0.5,-0.16999999999999998,0,0,0,9.423461538461538,8.509615384615385,0.9138461538461531,0,0
2000.0,1850.0,150.0,1.0,0.33,0.6699999999999999,0,0,0,9.767692307692307,9.121538461538462,0.6461538461538456,1,2
2060.0,1750.0,310.0,1.0,0.33,0.6699999999999999,0,0,0,9.73423076923077,7.341923076923076,2.3923076923076936,0,1
1980.0,2080.0,-100.0,0.33,0.5,-0.16999999999999998,0,0,0,9.437692307692307,9.02076923076923,0.4169230769230765,0,2
1780.0,2090.0,-310.0,0.5,0.67,-0.17000000000000004,0,2,-2,7.785,9.792692307692308,-2.0076923076923077,0,1
2140.0,2020.0,120.0,0.67,0.67,0.0,1,0,1,9.739230769230769,9.796923076923077,-0.057692307692308376,0,2
1910.0,2140.0,-230.0,0.5,0.67,-0.17000000000000004,0,5,-5,7.631923076923077,9.793461538461539,-2.161538461538462,1,0
1840.0,1690.0,150.0,0.67,0.0,0.67,0,0,0,9.64076923076923,6.078076923076923,3.5626923076923074,0,1
1980.0,1850.0,130.0,0.33,0.33,0.0,0,0,0,9.437692307692307,9.121538461538462,0.31615384615384556,0,1
1890.0,1690.0,200.0,0.0,0.0,0.0,2,0,2,7.111923076923077,6.0600000000000005,1.0519230769230763,0,1
2080.0,1780.0,300.0,0.5,0.5,0.0,0,0,0,9.02076923076923,7.485769230769231,1.5350000000000001,0,1
2090.0,1760.0,330.0,0.67,0.0,0.67,2,0,2,9.792692307692308,6.701538461538462,3.091153846153846,0,1
1910.0,1750.0,160.0,0.5,0.33,0.16999999999999998,0,0,0,7.631923076923077,8.043076923076923,-0.4111538461538453,0,1
2020.0,1980.0,40.0,0.67,0.33,0.34,0,0,0,9.796923076923077,9.423461538461538,0.3734615384615392,0,1
1660.0,2140.0,-480.0,0.0,0.67,-0.67,0,1,-1,5.924615384615384,9.739230769230769,-3.8146153846153847,1,0
1780.0,2140.0,-360.0,0.5,0.67,-0.17000000000000004,0,5,-5,7.785,9.793461538461539,-2.008461538461539,0,0
1980.0,1800.0,180.0,0.33,0.33,0.0,0,0,0,9.423461538461538,8.064230769230768,1.35923076923077,1,1
1850.0,1890.0,-40.0,0.33,0.0,0.33,0,2,-2,9.121538461538462,7.111923076923077,2.009615384615385,1,0
2020.0,1810.0,210.0,0.67,0.0,0.67,0,0,0,9.776153846153846,7.837307692307693,1.9388461538461534,1,0
2080.0,2140.0,-60.0,0.5,0.67,-0.17000000000000004,0,1,-1,9.02076923076923,9.739230769230769,-0.718461538461538,1,2
2180.0,1800.0,380.0,1.0,0.33,0.6699999999999999,2,0,2,9.717307692307692,8.296538461538463,1.4207692307692295,1,1
2090.0,2060.0,30.0,0.67,1.0,-0.32999999999999996,2,0,2,9.792692307692308,9.73423076923077,0.0584615384615379,1,0
2140.0,2020.0,120.0,0.67,0.67,0.0,5,0,5,9.793461538461539,9.796923076923077,-0.003461538461538183,1,2
1980.0,1690.0,290.0,0.33,0.0,0.33,0,0,0,9.437692307692307,6.078076923076923,3.3596153846153847,1,1
1660.0,2080.0,-420.0,0.0,0.5,-0.5,0,1,-1,5.924615384615384,8.685,-2.7603846153846163,1,0
2000.0,1980.0,20.0,1.0,0.33,0.6699999999999999,0,0,0,9.767692307692307,9.423461538461538,0.34423076923076934,1,0
2080.0,2020.0,60.0,0.5,0.67,-0.17000000000000004,0,0,0,9.02076923076923,9.776153846153846,-0.7553846153846155,1,1
1890.0,1760.0,130.0,0.0,0.0,0.0,2,0,2,7.111923076923077,6.701538461538462,0.4103846153846149,1,1
1810.0,2140.0,-330.0,0.0,0.67,-0.67,0,1,-1,7.837307692307693,9.739230769230769,-1.901923076923076,1,0
2120.0,1910.0,210.0,1.0,0.5,0.5,3,0,3,9.708076923076923,7.631923076923077,2.0761538461538462,1,0
1980.0,1660.0,320.0,0.33,0.0,0.33,0,0,0,9.437692307692307,5.924615384615384,3.513076923076923,1,1
2090.0,1800.0,290.0,0.67,0.33,0.34,2,0,2,9.792692307692308,8.37076923076923,1.4219230769230773,1,1
2080.0,1690.0,390.0,0.5,0.0,0.5,1,0,1,8.685,6.078076923076923,2.606923076923078,1,1
1980.0,1750.0,230.0,0.33,0.33,0.0,0,0,0,9.423461538461538,8.043076923076923,1.3803846153846155,1,2
1760.0,1850.0,-90.0,0.0,0.33,-0.33,0,0,0,6.701538461538462,9.121538461538462,-2.42,1,1
2140.0,2020.0,120.0,0.67,0.67,0.0,1,0,1,9.739230769230769,9.776153846153846,-0.0369230769230775,1,2
1810.0,2080.0,-270.0,0.0,0.5,-0.5,0,0,0,7.837307692307693,9.02076923076923,-1.183461538461538,1,2
2060.0,1800.0,260.0,1.0,0.33,0.6699999999999999,0,0,0,9.73423076923077,8.37076923076923,1.3634615384615394,1,0
1750.0,2000.0,-250.0,0.33,1.0,-0.6699999999999999,0,0,0,8.043076923076923,9.767692307692307,-1.7246153846153849,1,0
1690.0,1660.0,30.0,0.0,0.0,0.0,0,0,0,6.078076923076923,5.924615384615384,0.15346153846153854,1,0
2080.0,1980.0,100.0,0.5,0.33,0.16999999999999998,1,0,1,8.685,9.437692307692307,-0.7526923076923069,1,0
2180.0,2120.0,60.0,1.0,1.0,0.0,2,3,-1,9.717307692307692,9.708076923076923,0.009230769230768487,1,1
1890.0,2080.0,-190.0,0.0,0.5,-0.5,2,0,2,7.111923076923077,9.02076923076923,-1.908846153846154,1,1
2140.0,2060.0,80.0,0.67,1.0,-0.32999999999999996,5,0,5,9.793461538461539,9.73423076923077,0.0592307692307692,1,1
1980.0,1980.0,0.0,0.33,0.33,0.0,0,0,0,9.437692307692307,9.423461538461538,0.014230769230769269,1,1
1800.0,2020.0,-220.0,0.33,0.67,-0.34,0,0,0,8.37076923076923,9.796923076923077,-1.4261538461538468,1,1
2000.0,2080.0,-80.0,1.0,0.5,0.5,0,1,-1,9.767692307692307,8.685,1.082692307692307,1,2
1890.0,2180.0,-290.0,0.0,1.0,-1.0,2,2,0,7.111923076923077,9.717307692307692,-2.605384615384615,1,0
2140.0,1980.0,160.0,0.67,0.33,0.34,5,0,5,9.793461538461539,9.437692307692307,0.3557692307692317,1,0
1800.0,2080.0,-280.0,0.33,0.5,-0.16999999999999998,0,1,-1,8.37076923076923,8.685,-0.31423076923077,1,0
2180.0,1980.0,200.0,1.0,0.33,0.6699999999999999,2,0,2,9.717307692307692,9.437692307692307,0.2796153846153846,1,1
1910.0,2080.0,-170.0,0.5,0.5,0.0,0,1,-1,7.631923076923077,8.685,-1.0530769230769232,1,1
1980.0,2080.0,-100.0,0.33,0.5,-0.16999999999999998,0,1,-1,9.437692307692307,8.685,0.7526923076923069,1,1
2180.0,1910.0,270.0,1.0,0.5,0.5,2,0,2,9.717307692307692,7.631923076923077,2.0853846153846147,1,1
2090.0,2180.0,-90.0,0.67,1.0,-0.32999999999999996,2,2,0,9.792692307692308,9.717307692307692,0.07538461538461583,0,2
1780.0,1800.0,-20.0,0.5,0.33,0.16999999999999998,0,0,0,7.785,8.37076923076923,-0.5857692307692304,0,1
2080.0,1910.0,170.0,0.5,0.5,0.0,0,0,0,9.02076923076923,7.631923076923077,1.3888461538461536,0,2
2060.0,1890.0,170.0,1.0,0.0,1.0,0,2,-2,9.73423076923077,7.111923076923077,2.622307692307693,1,0
1750.0,1980.0,-230.0,0.33,0.33,0.0,0,0,0,7.341923076923076,9.437692307692307,-2.095769230769231,0,0
2080.0,2140.0,-60.0,0.5,0.67,-0.17000000000000004,1,1,0,8.685,9.739230769230769,-1.0542307692307684,0,0
2180.0,2140.0,40.0,1.0,0.67,0.32999999999999996,2,0,2,9.717307692307692,9.733846153846155,-0.016538461538463167,0,1
2140.0,1910.0,230.0,0.67,0.5,0.17000000000000004,1,0,1,9.739230769230769,7.631923076923077,2.1073076923076917,0,1
2000.0,2120.0,-120.0,1.0,1.0,0.0,0,3,-3,9.767692307692307,9.708076923076923,0.05961538461538396,1,2
2080.0,2020.0,60.0,0.5,0.67,-0.17000000000000004,1,0,1,8.685,9.796923076923077,-1.1119230769230768,0,1
1690.0,1810.0,-120.0,0.0,0.0,0.0,0,0,0,6.0600000000000005,7.837307692307693,-1.7773076923076925,0,0
2120.0,1660.0,460.0,1.0,0.0,1.0,3,0,3,9.708076923076923,6.035,3.6730769230769234,1,1
1980.0,2020.0,-40.0,0.33,0.67,-0.34,0,0,0,9.437692307692307,9.796923076923077,-0.3592307692307699,0,1
1910.0,2080.0,-170.0,0.5,0.5,0.0,0,1,-1,7.631923076923077,8.685,-1.0530769230769232,0,2
1980.0,1690.0,290.0,0.33,0.0,0.33,0,0,0,9.423461538461538,6.078076923076923,3.3453846153846154,0,1
1710.0,1800.0,-90.0,0.0,0.33,-0.33,0,0,0,5.970769230769231,8.311153846153847,-2.3403846153846155,0,1
1760.0,2140.0,-380.0,0.0,0.67,-0.67,0,5,-5,6.701538461538462,9.793461538461539,-3.091923076923077,0,0
2140.0,2090.0,50.0,0.67,0.67,0.0,0,2,-2,9.733846153846155,9.792692307692308,-0.05884615384615266,0,1
1750.0,2080.0,-330.0,0.33,0.5,-0.16999999999999998,0,0,0,7.341923076923076,9.02076923076923,-1.6788461538461545,0,0
2140.0,2080.0,60.0,0.67,0.5,0.17000000000000004,1,1,0,9.739230769230769,8.685,1.0542307692307684,0,0
1910.0,1690.0,220.0,0.5,0.0,0.5,0,0,0,7.631923076923077,6.010769230769231,1.6211538461538462,0,1
1760.0,1660.0,100.0,0.0,0.0,0.0,0,0,0,6.701538461538462,6.035,0.6665384615384617,0,2
2180.0,2090.0,90.0,1.0,0.67,0.32999999999999996,2,2,0,9.717307692307692,9.792692307692308,-0.07538461538461583,0,1
1980.0,2140.0,-160.0,0.33,0.67,-0.34,0,0,0,9.437692307692307,9.733846153846155,-0.29615384615384777,0,2
1980.0,1890.0,90.0,0.33,0.0,0.33,0,2,-2,9.423461538461538,7.111923076923077,2.3115384615384613,0,1
1690.0,1710.0,-20.0,0.0,0.0,0.0,0,0,0,6.0600000000000005,5.970769230769231,0.08923076923076945,0,1
2120.0,2140.0,-20.0,1.0,0.67,0.32999999999999996,3,5,-2,9.708076923076923,9.793461538461539,-0.08538461538461561,1,0
2020.0,1710.0,310.0,0.67,0.0,0.67,0,0,0,9.796923076923077,5.970769230769231,3.8261538461538462,0,0
1910.0,2140.0,-230.0,0.5,0.67,-0.17000000000000004,0,1,-1,7.631923076923077,9.739230769230769,-2.1073076923076917,0,1
2140.0,2180.0,-40.0,0.67,1.0,-0.32999999999999996,0,2,-2,9.733846153846155,9.717307692307692,0.016538461538463167,0,1
2120.0,2060.0,60.0,1.0,1.0,0.0,3,0,3,9.708076923076923,9.73423076923077,-0.026153846153846416,0,1
2140.0,1890.0,250.0,0.67,0.0,0.67,5,2,3,9.793461538461539,7.111923076923077,2.6815384615384623,1,1
1850.0,1660.0,190.0,0.33,0.0,0.33,0,0,0,9.121538461538462,5.924615384615384,3.1969230769230776,0,1
2020.0,1980.0,40.0,0.67,0.33,0.34,0,0,0,9.796923076923077,9.437692307692307,0.3592307692307699,0,1
2080.0,1910.0,170.0,0.5,0.5,0.0,1,0,1,8.685,7.631923076923077,1.0530769230769232,0,1
2090.0,2140.0,-50.0,0.67,0.67,0.0,2,0,2,9.792692307692308,9.733846153846155,0.05884615384615266,0,2
2120.0,2060.0,60.0,1.0,1.0,0.0,3,0,3,9.708076923076923,9.73423076923077,-0.026153846153846416,0,1
2180.0,1890.0,290.0,1.0,0.0,1.0,2,2,0,9.717307692307692,7.111923076923077,2.605384615384615,0,1
1690.0,1760.0,-70.0,0.0,0.0,0.0,0,0,0,6.010769230769231,6.701538461538462,-0.6907692307692308,0,2
1690.0,1800.0,-110.0,0.0,0.33,-0.33,0,0,0,6.078076923076923,8.311153846153847,-2.233076923076924,0,0
1800.0,1800.0,0.0,0.33,0.33,0.0,0,0,0,8.153461538461539,8.064230769230768,0.08923076923077033,0,2
1660.0,2020.0,-360.0,0.0,0.67,-0.67,0,0,0,5.924615384615384,9.776153846153846,-3.8515384615384622,0,0
1710.0,1690.0,20.0,0.0,0.0,0.0,0,0,0,5.970769230769231,6.010769230769231,-0.040000000000000036,0,1
1710.0,1780.0,-70.0,0.0,0.5,-0.5,0,0,0,5.970769230769231,7.485769230769231,-1.5149999999999997,0,0
1710.0,1810.0,-100.0,0.0,0.0,0.0,0,0,0,5.970769230769231,7.837307692307693,-1.866538461538462,0,0
1800.0,1690.0,110.0,0.33,0.0,0.33,0,0,0,8.296538461538463,6.010769230769231,2.2857692307692314,1,0
1810.0,1660.0,150.0,0.0,0.0,0.0,0,0,0,7.837307692307693,6.035,1.8023076923076928,1,2
1760.0,1710.0,50.0,0.0,0.0,0.0,0,0,0,6.701538461538462,5.970769230769231,0.7307692307692308,1,0
1980.0,1690.0,290.0,0.33,0.0,0.33,0,0,0,9.423461538461538,6.0600000000000005,3.3634615384615376,1,1
1800.0,1690.0,110.0,0.33,0.0,0.33,0,0,0,8.296538461538463,6.0600000000000005,2.236538461538462,1,2
1980.0,1760.0,220.0,0.33,0.0,0.33,0,0,0,9.423461538461538,6.701538461538462,2.7219230769230762,1,1
1710.0,1660.0,50.0,0.0,0.0,0.0,0,0,0,5.970769230769231,6.035,-0.06423076923076909,1,1
1810.0,1980.0,-170.0,0.0,0.33,-0.33,0,0,0,7.837307692307693,9.423461538461538,-1.5861538461538451,1,0
1980.0,1710.0,270.0,0.33,0.0,0.33,0,0,0,9.423461538461538,5.970769230769231,3.452692307692307,1,0
1980.0,2000.0,-20.0,0.33,1.0,-0.6699999999999999,0,0,0,9.423461538461538,9.767692307692307,-0.34423076923076934,0,0
2140.0,1690.0,450.0,0.67,0.0,0.67,5,0,5,9.793461538461539,6.078076923076923,3.7153846153846164,1,2
2140.0,1840.0,300.0,0.67,0.67,0.0,1,0,1,9.739230769230769,9.64076923076923,0.09846153846153882,0,1
2140.0,2090.0,50.0,0.67,0.67,0.0,0,2,-2,9.733846153846155,9.792692307692308,-0.05884615384615266,0,0
1780.0,1660.0,120.0,0.5,0.0,0.5,0,0,0,7.485769230769231,5.924615384615384,1.5611538461538466,0,1
2020.0,2120.0,-100.0,0.67,1.0,-0.32999999999999996,0,3,-3,9.776153846153846,9.708076923076923,0.06807692307692292,0,0
1800.0,2060.0,-260.0,0.33,1.0,-0.6699999999999999,0,0,0,8.064230769230768,9.73423076923077,-1.6700000000000017,1,0
1840.0,1800.0,40.0,0.67,0.33,0.34,0,0,0,9.64076923076923,8.37076923076923,1.2699999999999996,0,2
2000.0,1690.0,310.0,1.0,0.0,1.0,0,0,0,9.767692307692307,6.078076923076923,3.6896153846153847,0,1
2140.0,1710.0,430.0,0.67,0.0,0.67,5,0,5,9.793461538461539,5.970769230769231,3.822692307692308,0,1
2080.0,2020.0,60.0,0.5,0.67,-0.17000000000000004,0,0,0,9.02076923076923,9.796923076923077,-0.7761538461538464,0,1
2080.0,2140.0,-60.0,0.5,0.67,-0.17000000000000004,1,0,1,8.685,9.733846153846155,-1.0488461538461546,1,0
1660.0,1660.0,0.0,0.0,0.0,0.0,0,0,0,5.924615384615384,6.035,-0.11038461538461597,0,1
1890.0,1690.0,200.0,0.0,0.0,0.0,2,0,2,7.111923076923077,6.078076923076923,1.033846153846154,0,1
2060.0,1800.0,260.0,1.0,0.33,0.6699999999999999,0,0,0,9.73423076923077,8.311153846153847,1.4230769230769234,1,1
2020.0,2080.0,-60.0,0.67,0.5,0.17000000000000004,0,1,-1,9.796923076923077,8.685,1.1119230769230768,1,2
2080.0,2140.0,-60.0,0.5,0.67,-0.17000000000000004,0,0,0,9.02076923076923,9.733846153846155,-0.7130769230769243,0,1
2140.0,1800.0,340.0,0.67,0.33,0.34,1,0,1,9.739230769230769,8.37076923076923,1.3684615384615384,0,1
1980.0,1750.0,230.0,0.33,0.33,0.0,0,0,0,9.437692307692307,7.341923076923076,2.095769230769231,0,1
1910.0,1660.0,250.0,0.5,0.0,0.5,0,0,0,7.631923076923077,5.924615384615384,1.707307692307693,0,0
2120.0,2000.0,120.0,1.0,1.0,0.0,3,0,3,9.708076923076923,9.767692307692307,-0.05961538461538396,1,0
1830.0,1800.0,30.0,0.5,0.33,0.16999999999999998,0,0,0,8.509615384615385,8.153461538461539,0.3561538461538465,1,2
1800.0,1710.0,90.0,0.33,0.0,0.33,0,0,0,8.064230769230768,5.970769230769231,2.093461538461537,1,2
1890.0,1800.0,90.0,0.0,0.33,-0.33,2,0,2,7.111923076923077,8.311153846153847,-1.1992307692307698,1,1
2000.0,1710.0,290.0,1.0,0.0,1.0,0,0,0,9.767692307692307,5.970769230769231,3.7969230769230764,1,1
2120.0,1800.0,320.0,1.0,0.33,0.6699999999999999,3,0,3,9.708076923076923,8.064230769230768,1.6438461538461553,1,2
2060.0,1800.0,260.0,1.0,0.33,0.6699999999999999,0,0,0,9.73423076923077,9.12346153846154,0.6107692307692307,1,1
1890.0,1980.0,-90.0,0.0,0.33,-0.33,2,0,2,7.111923076923077,9.423461538461538,-2.3115384615384613,1,2
2000.0,1800.0,200.0,1.0,0.33,0.6699999999999999,0,0,0,9.767692307692307,8.064230769230768,1.7034615384615392,1,1
1710.0,2120.0,-410.0,0.0,1.0,-1.0,0,3,-3,5.970769230769231,9.708076923076923,-3.7373076923076924,1,0
1800.0,1980.0,-180.0,0.33,0.33,0.0,0,0,0,8.311153846153847,9.423461538461538,-1.1123076923076916,1,2
1750.0,1780.0,-30.0,0.33,0.5,-0.16999999999999998,0,0,0,8.043076923076923,7.485769230769231,0.5573076923076918,1,0
2140.0,1800.0,340.0,0.67,0.33,0.34,5,0,5,9.793461538461539,8.064230769230768,1.729230769230771,0,2
1660.0,1800.0,-140.0,0.0,0.33,-0.33,0,0,0,6.056538461538461,9.12346153846154,-3.0669230769230778,1,1
1800.0,2020.0,-220.0,0.33,0.67,-0.34,0,0,0,8.153461538461539,9.776153846153846,-1.6226923076923079,1,0
2140.0,2120.0,20.0,0.67,1.0,-0.32999999999999996,5,3,2,9.793461538461539,9.708076923076923,0.08538461538461561,0,1
1660.0,2060.0,-400.0,0.0,1.0,-1.0,0,0,0,6.056538461538461,9.73423076923077,-3.6776923076923085,1,0
1850.0,1800.0,50.0,0.33,0.33,0.0,0,0,0,9.121538461538462,8.153461538461539,0.9680769230769233,0,0
1830.0,1660.0,170.0,0.5,0.0,0.5,0,0,0,8.509615384615385,5.924615384615384,2.585000000000001,1,2
1750.0,1660.0,90.0,0.33,0.0,0.33,0,0,0,8.043076923076923,5.924615384615384,2.1184615384615384,1,1
1750.0,1780.0,-30.0,0.33,0.5,-0.16999999999999998,0,0,0,8.043076923076923,7.485769230769231,0.5573076923076918,1,0
1690.0,1760.0,-70.0,0.0,0.0,0.0,0,0,0,6.010769230769231,6.701538461538462,-0.6907692307692308,1,1
1980.0,1800.0,180.0,0.33,0.33,0.0,0,0,0,9.423461538461538,8.064230769230768,1.35923076923077,0,1
2140.0,2000.0,140.0,0.67,1.0,-0.32999999999999996,5,0,5,9.793461538461539,9.767692307692307,0.025769230769231655,1,2
2090.0,2140.0,-50.0,0.67,0.67,0.0,2,0,2,9.792692307692308,9.733846153846155,0.05884615384615266,0,0
1710.0,1660.0,50.0,0.0,0.0,0.0,0,0,0,6.03423076923077,6.056538461538461,-0.022307692307691696,0,1
1800.0,1840.0,-40.0,0.33,0.67,-0.34,0,0,0,8.37076923076923,9.64076923076923,-1.2699999999999996,0,2
1660.0,1690.0,-30.0,0.0,0.0,0.0,0,0,0,6.035,6.0600000000000005,-0.025000000000000355,1,2
1750.0,1980.0,-230.0,0.33,0.33,0.0,0,0,0,7.341923076923076,9.437692307692307,-2.095769230769231,0,0
2120.0,2060.0,60.0,1.0,1.0,0.0,3,0,3,9.708076923076923,9.73423076923077,-0.026153846153846416,1,1
1690.0,1800.0,-110.0,0.0,0.33,-0.33,0,0,0,6.010769230769231,8.064230769230768,-2.053461538461537,0,0
1660.0,1710.0,-50.0,0.0,0.0,0.0,0,0,0,6.056538461538461,6.03423076923077,0.022307692307691696,0,2
2090.0,2120.0,-30.0,0.67,1.0,-0.32999999999999996,2,3,-1,9.792692307692308,9.708076923076923,0.08461538461538431,0,2
2140.0,1750.0,390.0,0.67,0.33,0.34,5,0,5,9.793461538461539,8.043076923076923,1.7503846153846165,1,2
1840.0,2140.0,-300.0,0.67,0.67,0.0,0,1,-1,9.64076923076923,9.739230769230769,-0.09846153846153882,0,2
1800.0,2120.0,-320.0,0.33,1.0,-0.6699999999999999,0,3,-3,8.311153846153847,9.708076923076923,-1.396923076923077,1,0
1800.0,2140.0,-340.0,0.33,0.67,-0.34,0,1,-1,8.37076923076923,9.739230769230769,-1.3684615384615384,0,2
1780.0,2000.0,-220.0,0.5,1.0,-0.5,0,0,0,7.485769230769231,9.767692307692307,-2.2819230769230767,1,1
2060.0,1690.0,370.0,1.0,0.0,1.0,0,0,0,9.73423076923077,6.078076923076923,3.656153846153847,0,1
1830.0,1800.0,30.0,0.5,0.33,0.16999999999999998,0,0,0,8.509615384615385,8.153461538461539,0.3561538461538465,0,1
1690.0,1800.0,-110.0,0.0,0.33,-0.33,0,0,0,6.010769230769231,8.296538461538463,-2.2857692307692314,0,0
1660.0,1810.0,-150.0,0.0,0.0,0.0,0,0,0,6.035,7.837307692307693,-1.8023076923076928,1,1
1690.0,1760.0,-70.0,0.0,0.0,0.0,0,0,0,6.0600000000000005,6.701538461538462,-0.6415384615384614,0,0
2140.0,2120.0,20.0,0.67,1.0,-0.32999999999999996,5,3,2,9.793461538461539,9.708076923076923,0.08538461538461561,1,0
1690.0,2060.0,-370.0,0.0,1.0,-1.0,0,0,0,6.078076923076923,9.73423076923077,-3.656153846153847,0,0
2120.0,1890.0,230.0,1.0,0.0,1.0,3,2,1,9.708076923076923,7.111923076923077,2.5961538461538467,1,2
1800.0,2000.0,-200.0,0.33,1.0,-0.6699999999999999,0,0,0,8.311153846153847,9.767692307692307,-1.456538461538461,1,0
1760.0,1800.0,-40.0,0.0,0.33,-0.33,0,0,0,6.701538461538462,8.064230769230768,-1.3626923076923063,0,2
1710.0,1660.0,50.0,0.0,0.0,0.0,0,0,0,5.970769230769231,6.035,-0.06423076923076909,0,0
1710.0,1760.0,-50.0,0.0,0.0,0.0,0,0,0,5.970769230769231,6.701538461538462,-0.7307692307692308,0,0
2090.0,2140.0,-50.0,0.67,0.67,0.0,2,1,1,9.792692307692308,9.739230769230769,0.05346153846153889,0,2
1840.0,1780.0,60.0,0.67,0.5,0.17000000000000004,0,0,0,9.64076923076923,7.785,1.85576923076923,0,0
2080.0,1910.0,170.0,0.5,0.5,0.0,0,0,0,9.02076923076923,7.631923076923077,1.3888461538461536,0,1
1800.0,2180.0,-380.0,0.33,1.0,-0.6699999999999999,0,2,-2,8.37076923076923,9.717307692307692,-1.3465384615384615,0,0
2020.0,2090.0,-70.0,0.67,0.67,0.0,0,2,-2,9.796923076923077,9.792692307692308,0.004230769230769482,0,2
2180.0,1910.0,270.0,1.0,0.5,0.5,2,0,2,9.717307692307692,7.631923076923077,2.0853846153846147,0,1
1800.0,2080.0,-280.0,0.33,0.5,-0.16999999999999998,0,0,0,8.37076923076923,9.02076923076923,-0.6500000000000004,0,0
2140.0,2060.0,80.0,0.67,1.0,-0.32999999999999996,0,0,0,9.733846153846155,9.73423076923077,-0.0003846153846147615,0,0
2080.0,2140.0,-60.0,0.5,0.67,-0.17000000000000004,0,1,-1,9.02076923076923,9.739230769230769,-0.718461538461538,0,2
2020.0,1910.0,110.0,0.67,0.5,0.17000000000000004,0,0,0,9.796923076923077,7.631923076923077,2.165,0,0
1690.0,1810.0,-120.0,0.0,0.0,0.0,0,0,0,6.0600000000000005,7.837307692307693,-1.7773076923076925,0,0
2120.0,1800.0,320.0,1.0,0.33,0.6699999999999999,3,0,3,9.708076923076923,8.311153846153847,1.396923076923077,0,1
2020.0,1750.0,270.0,0.67,0.33,0.34,0,0,0,9.776153846153846,8.043076923076923,1.7330769230769238,0,1
2140.0,2020.0,120.0,0.67,0.67,0.0,1,0,1,9.739230769230769,9.796923076923077,-0.057692307692308376,0,1
2080.0,1980.0,100.0,0.5,0.33,0.16999999999999998,1,0,1,8.685,9.437692307692307,-0.7526923076923069,0,1
1910.0,1800.0,110.0,0.5,0.33,0.16999999999999998,0,0,0,7.631923076923077,8.37076923076923,-0.7388461538461533,0,1
2180.0,2080.0,100.0,1.0,0.5,0.5,2,0,2,9.717307692307692,9.02076923076923,0.6965384615384611,0,2
1830.0,1710.0,120.0,0.5,0.0,0.5,0,0,0,8.509615384615385,5.970769230769231,2.538846153846154,1,1
2090.0,2020.0,70.0,0.67,0.67,0.0,2,0,2,9.792692307692308,9.796923076923077,-0.004230769230769482,0,2
2060.0,1780.0,280.0,1.0,0.5,0.5,0,0,0,9.73423076923077,7.485769230769231,2.248461538461539,1,2
1800.0,1890.0,-90.0,0.33,0.0,0.33,0,2,-2,8.311153846153847,7.111923076923077,1.1992307692307698,0,1
2080.0,1800.0,280.0,0.5,0.33,0.16999999999999998,0,0,0,9.02076923076923,8.37076923076923,0.6500000000000004,0,1
1910.0,2180.0,-270.0,0.5,1.0,-0.5,0,2,-2,7.631923076923077,9.717307692307692,-2.0853846153846147,0,0
1980.0,2020.0,-40.0,0.33,0.67,-0.34,0,0,0,9.437692307692307,9.796923076923077,-0.3592307692307699,0,1
2140.0,2140.0,0.0,0.67,0.67,0.0,0,1,-1,9.733846153846155,9.739230769230769,-0.005384615384613767,0,2
1690.0,1660.0,30.0,0.0,0.0,0.0,0,0,0,6.010769230769231,6.035,-0.024230769230769056,1,2
2120.0,1800.0,320.0,1.0,0.33,0.6699999999999999,3,0,3,9.708076923076923,8.064230769230768,1.6438461538461553,0,2
1980.0,1690.0,290.0,0.33,0.0,0.33,0,0,0,9.423461538461538,6.078076923076923,3.3453846153846154,1,1
2000.0,1890.0,110.0,1.0,0.0,1.0,0,2,-2,9.767692307692307,7.111923076923077,2.6557692307692307,0,0
2080.0,2180.0,-100.0,0.5,1.0,-0.5,0,2,-2,9.02076923076923,9.717307692307692,-0.6965384615384611,0,0
1800.0,1910.0,-110.0,0.33,0.5,-0.16999999999999998,0,0,0,8.37076923076923,7.631923076923077,0.7388461538461533,0,1
2020.0,2140.0,-120.0,0.67,0.67,0.0,0,1,-1,9.796923076923077,9.739230769230769,0.057692307692308376,0,2
1980.0,2080.0,-100.0,0.33,0.5,-0.16999999999999998,0,1,-1,9.437692307692307,8.685,0.7526923076923069,0,1
1910.0,2080.0,-170.0,0.5,0.5,0.0,0,0,0,7.631923076923077,9.02076923076923,-1.3888461538461536,0,0
2180.0,1800.0,380.0,1.0,0.33,0.6699999999999999,2,0,2,9.717307692307692,8.37076923076923,1.3465384615384615,0,1
2140.0,2090.0,50.0,0.67,0.67,0.0,1,2,-1,9.739230769230769,9.792692307692308,-0.05346153846153889,0,1
1980.0,2060.0,-80.0,0.33,1.0,-0.6699999999999999,0,0,0,9.423461538461538,9.73423076923077,-0.3107692307692318,1,0
1690.0,1660.0,30.0,0.0,0.0,0.0,0,0,0,6.0600000000000005,6.035,0.025000000000000355,1,0
1800.0,2000.0,-200.0,0.33,1.0,-0.6699999999999999,0,0,0,8.311153846153847,9.767692307692307,-1.456538461538461,0,1
1890.0,2140.0,-250.0,0.0,0.67,-0.67,2,5,-3,7.111923076923077,9.793461538461539,-2.6815384615384623,0,0
1780.0,1840.0,-60.0,0.5,0.67,-0.17000000000000004,0,0,0,7.785,9.64076923076923,-1.85576923076923,0,2
1690.0,1690.0,0.0,0.0,0.0,0.0,0,0,0,6.010769230769231,6.0600000000000005,-0.04923076923076941,1,0
1750.0,1780.0,-30.0,0.33,0.5,-0.16999999999999998,0,0,0,7.341923076923076,7.785,-0.4430769230769238,0,2
1800.0,1830.0,-30.0,0.33,0.5,-0.16999999999999998,0,0,0,8.153461538461539,8.509615384615385,-0.3561538461538465,0,2
1690.0,1660.0,30.0,0.0,0.0,0.0,0,0,0,6.0600000000000005,6.035,0.025000000000000355,0,0
2080.0,1780.0,300.0,0.5,0.5,0.0,1,0,1,8.685,7.785,0.9000000000000004,0,1
2140.0,1750.0,390.0,0.67,0.33,0.34,0,0,0,9.733846153846155,7.341923076923076,2.391923076923079,1,2
1890.0,1800.0,90.0,0.0,0.33,-0.33,2,0,2,7.111923076923077,8.064230769230768,-0.9523076923076914,0,2
2140.0,2080.0,60.0,0.67,0.5,0.17000000000000004,1,0,1,9.739230769230769,9.02076923076923,0.718461538461538,0,2
2140.0,1800.0,340.0,0.67,0.33,0.34,5,0,5,9.793461538461539,8.311153846153847,1.4823076923076925,0,1
1980.0,1910.0,70.0,0.33,0.5,-0.16999999999999998,0,0,0,9.437692307692307,7.631923076923077,1.8057692307692301,0,1
2020.0,1830.0,190.0,0.67,0.5,0.17000000000000004,0,0,0,9.776153846153846,8.509615384615385,1.2665384615384614,0,1
2000.0,2120.0,-120.0,1.0,1.0,0.0,0,3,-3,9.767692307692307,9.708076923076923,0.05961538461538396,0,2
1800.0,2140.0,-340.0,0.33,0.67,-0.34,0,5,-5,8.064230769230768,9.793461538461539,-1.729230769230771,0,0
1660.0,1780.0,-120.0,0.0,0.5,-0.5,0,0,0,5.924615384615384,7.485769230769231,-1.5611538461538466,0,0
1660.0,1800.0,-140.0,0.0,0.33,-0.33,0,0,0,6.056538461538461,9.12346153846154,-3.0669230769230778,0,0
1690.0,1710.0,-20.0,0.0,0.0,0.0,0,0,0,6.078076923076923,6.03423076923077,0.04384615384615298,0,1
2080.0,1910.0,170.0,0.5,0.5,0.0,1,0,1,8.685,7.631923076923077,1.0530769230769232,0,1
2000.0,1800.0,200.0,1.0,0.33,0.6699999999999999,0,0,0,9.767692307692307,8.311153846153847,1.456538461538461,1,1
2140.0,1800.0,340.0,0.67,0.33,0.34,1,0,1,9.739230769230769,8.37076923076923,1.3684615384615384,0,2
1800.0,1690.0,110.0,0.33,0.0,0.33,0,0,0,8.296538461538463,6.010769230769231,2.2857692307692314,1,1
1810.0,1660.0,150.0,0.0,0.0,0.0,0,0,0,7.837307692307693,6.035,1.8023076923076928,0,1
1760.0,1690.0,70.0,0.0,0.0,0.0,0,0,0,6.701538461538462,6.0600000000000005,0.6415384615384614,0,1
1800.0,1660.0,140.0,0.33,0.0,0.33,0,0,0,9.12346153846154,6.056538461538461,3.0669230769230778,1,1
1710.0,1690.0,20.0,0.0,0.0,0.0,0,0,0,6.03423076923077,6.078076923076923,-0.04384615384615298,0,2
2090.0,2180.0,-90.0,0.67,1.0,-0.32999999999999996,2,2,0,9.792692307692308,9.717307692307692,0.07538461538461583,0,0
2140.0,1780.0,360.0,0.67,0.5,0.17000000000000004,0,0,0,9.733846153846155,7.785,1.948846153846155,0,1
2080.0,1750.0,330.0,0.5,0.33,0.16999999999999998,1,0,1,8.685,7.341923076923076,1.3430769230769242,0,2
2120.0,1890.0,230.0,1.0,0.0,1.0,3,2,1,9.708076923076923,7.111923076923077,2.5961538461538467,1,1
2090.0,2080.0,10.0,0.67,0.5,0.17000000000000004,2,0,2,9.792692307692308,9.02076923076923,0.7719230769230769,0,1
2120.0,1800.0,320.0,1.0,0.33,0.6699999999999999,3,0,3,9.708076923076923,8.064230769230768,1.6438461538461553,1,1
1750.0,1910.0,-160.0,0.33,0.5,-0.16999999999999998,0,0,0,7.341923076923076,7.631923076923077,-0.2900000000000009,0,0
2080.0,2180.0,-100.0,0.5,1.0,-0.5,0,2,-2,9.02076923076923,9.717307692307692,-0.6965384615384611,1,2
2140.0,2000.0,140.0,0.67,1.0,-0.32999999999999996,5,0,5,9.793461538461539,9.767692307692307,0.025769230769231655,0,1
1980.0,2080.0,-100.0,0.33,0.5,-0.16999999999999998,0,0,0,9.437692307692307,9.02076923076923,0.4169230769230765,1,1
2140.0,1800.0,340.0,0.67,0.33,0.34,5,0,5,9.793461538461539,8.311153846153847,1.4823076923076925,0,2
1910.0,2140.0,-230.0,0.5,0.67,-0.17000000000000004,0,1,-1,7.631923076923077,9.739230769230769,-2.1073076923076917,1,0
2180.0,2020.0,160.0,1.0,0.67,0.32999999999999996,2,0,2,9.717307692307692,9.796923076923077,-0.07961538461538531,1,2
1890.0,1800.0,90.0,0.0,0.33,-0.33,2,0,2,7.111923076923077,8.064230769230768,-0.9523076923076914,1,1
2080.0,2090.0,-10.0,0.5,0.67,-0.17000000000000004,1,2,-1,8.685,9.792692307692308,-1.1076923076923073,0,1
2060.0,1690.0,370.0,1.0,0.0,1.0,0,0,0,9.73423076923077,6.078076923076923,3.656153846153847,1,1
2020.0,2140.0,-120.0,0.67,0.67,0.0,0,1,-1,9.796923076923077,9.739230769230769,0.057692307692308376,1,2
1890.0,2000.0,-110.0,0.0,1.0,-1.0,2,0,2,7.111923076923077,9.767692307692307,-2.6557692307692307,1,2
2120.0,1800.0,320.0,1.0,0.33,0.6699999999999999,3,0,3,9.708076923076923,8.311153846153847,1.396923076923077,1,1
2120.0,2000.0,120.0,1.0,1.0,0.0,3,0,3,9.708076923076923,9.767692307692307,-0.05961538461538396,1,2
2140.0,2120.0,20.0,0.67,1.0,-0.32999999999999996,5,3,2,9.793461538461539,9.708076923076923,0.08538461538461561,0,0
1710.0,1690.0,20.0,0.0,0.0,0.0,0,0,0,5.970769230769231,6.078076923076923,-0.10730769230769166,1,2
1660.0,1800.0,-140.0,0.0,0.33,-0.33,0,0,0,6.056538461538461,9.12346153846154,-3.0669230769230778,1,0
1800.0,1750.0,50.0,0.33,0.33,0.0,0,0,0,8.153461538461539,8.043076923076923,0.11038461538461597,0,2
2060.0,1800.0,260.0,1.0,0.33,0.6699999999999999,0,0,0,9.73423076923077,9.12346153846154,0.6107692307692307,1,1
1840.0,2140.0,-300.0,0.67,0.67,0.0,0,0,0,9.64076923076923,9.733846153846155,-0.09307692307692506,0,2
1800.0,2140.0,-340.0,0.33,0.67,-0.34,0,1,-1,8.37076923076923,9.739230769230769,-1.3684615384615384,0,1
1800.0,1800.0,0.0,0.33,0.33,0.0,0,0,0,8.311153846153847,8.064230769230768,0.24692307692307836,0,1
1660.0,1690.0,-30.0,0.0,0.0,0.0,0,0,0,6.056538461538461,6.010769230769231,0.04576923076923034,1,1
1710.0,2080.0,-370.0,0.0,0.5,-0.5,0,0,0,5.970769230769231,9.02076923076923,-3.05,1,0
1800.0,1690.0,110.0,0.33,0.0,0.33,0,0,0,8.37076923076923,6.0600000000000005,2.31076923076923,0,1
1800.0,2000.0,-200.0,0.33,1.0,-0.6699999999999999,0,0,0,8.064230769230768,9.767692307692307,-1.7034615384615392,0,2
1800.0,1830.0,-30.0,0.33,0.5,-0.16999999999999998,0,0,0,8.153461538461539,8.509615384615385,-0.3561538461538465,0,1
1660.0,1810.0,-150.0,0.0,0.0,0.0,0,0,0,6.035,7.837307692307693,-1.8023076923076928,1,0
1780.0,1750.0,30.0,0.5,0.33,0.16999999999999998,0,0,0,7.785,7.341923076923076,0.4430769230769238,0,0
1690.0,2060.0,-370.0,0.0,1.0,-1.0,0,0,0,6.078076923076923,9.73423076923077,-3.656153846153847,0,2
1890.0,1800.0,90.0,0.0,0.33,-0.33,2,0,2,7.111923076923077,8.311153846153847,-1.1992307692307698,0,1
1760.0,1980.0,-220.0,0.0,0.33,-0.33,0,0,0,6.701538461538462,9.423461538461538,-2.7219230769230762,0,1
2060.0,1800.0,260.0,1.0,0.33,0.6699999999999999,0,0,0,9.73423076923077,9.12346153846154,0.6107692307692307,0,2
1800.0,2120.0,-320.0,0.33,1.0,-0.6699999999999999,0,3,-3,8.064230769230768,9.708076923076923,-1.6438461538461553,0,2
1890.0,2000.0,-110.0,0.0,1.0,-1.0,2,0,2,7.111923076923077,9.767692307692307,-2.6557692307692307,0,2
1980.0,2180.0,-200.0,0.33,1.0,-0.6699999999999999,0,2,-2,9.437692307692307,9.717307692307692,-0.2796153846153846,1,0
1710.0,1710.0,0.0,0.0,0.0,0.0,0,0,0,6.03423076923077,6.001153846153846,0.03307692307692367,1,0
2080.0,1710.0,370.0,0.5,0.0,0.5,0,0,0,9.02076923076923,5.970769230769231,3.05,0,1
2000.0,2140.0,-140.0,1.0,0.67,0.32999999999999996,0,5,-5,9.767692307692307,9.793461538461539,-0.025769230769231655,0,2
2120.0,1890.0,230.0,1.0,0.0,1.0,3,2,1,9.708076923076923,7.111923076923077,2.5961538461538467,0,1
2140.0,2180.0,-40.0,0.67,1.0,-0.32999999999999996,1,2,-1,9.739230769230769,9.717307692307692,0.021923076923076934,1,0
1980.0,1800.0,180.0,0.33,0.33,0.0,0,0,0,9.423461538461538,8.296538461538463,1.1269230769230756,0,1
1690.0,1690.0,0.0,0.0,0.0,0.0,0,0,0,6.010769230769231,6.0600000000000005,-0.04923076923076941,0,1
1800.0,1690.0,110.0,0.33,0.0,0.33,0,0,0,9.12346153846154,6.078076923076923,3.0453846153846165,0,1
2000.0,1800.0,200.0,1.0,0.33,0.6699999999999999,0,0,0,9.767692307692307,8.311153846153847,1.456538461538461,0,2
2140.0,1890.0,250.0,0.67,0.0,0.67,5,2,3,9.793461538461539,7.111923076923077,2.6815384615384623,0,1
2060.0,1800.0,260.0,1.0,0.33,0.6699999999999999,0,0,0,9.73423076923077,8.311153846153847,1.4230769230769234,1,0
1800.0,1760.0,40.0,0.33,0.0,0.33,0,0,0,8.296538461538463,6.701538461538462,1.5950000000000006,0,2
2140.0,2000.0,140.0,0.67,1.0,-0.32999999999999996,5,0,5,9.793461538461539,9.767692307692307,0.025769230769231655,0,1
1890.0,2120.0,-230.0,0.0,1.0,-1.0,2,3,-1,7.111923076923077,9.708076923076923,-2.5961538461538467,0,0
1830.0,1800.0,30.0,0.5,0.33,0.16999999999999998,0,0,0,8.509615384615385,8.153461538461539,0.3561538461538465,0,1
2140.0,1800.0,340.0,0.67,0.33,0.34,1,0,1,9.739230769230769,8.37076923076923,1.3684615384615384,0,1
1800.0,2060.0,-260.0,0.33,1.0,-0.6699999999999999,0,0,0,9.12346153846154,9.73423076923077,-0.6107692307692307,0,1
2140.0,1840.0,300.0,0.67,0.67,0.0,0,0,0,9.733846153846155,9.64076923076923,0.09307692307692506,0,1
2000.0,1800.0,200.0,1.0,0.33,0.6699999999999999,0,0,0,9.767692307692307,8.064230769230768,1.7034615384615392,0,2
2120.0,2140.0,-20.0,1.0,0.67,0.32999999999999996,3,5,-2,9.708076923076923,9.793461538461539,-0.08538461538461561,0,2
1760.0,1690.0,70.0,0.0,0.0,0.0,0,0,0,6.701538461538462,6.010769230769231,0.6907692307692308,1,0
1690.0,2020.0,-330.0,0.0,0.67,-0.67,0,0,0,6.010769230769231,9.776153846153846,-3.7653846153846153,1,0
1710.0,1660.0,50.0,0.0,0.0,0.0,0,0,0,5.970769230769231,6.035,-0.06423076923076909,0,1
2020.0,1760.0,260.0,0.67,0.0,0.67,0,0,0,9.776153846153846,6.701538461538462,3.0746153846153845,1,1
1780.0,1850.0,-70.0,0.5,0.33,0.16999999999999998,0,0,0,7.485769230769231,9.121538461538462,-1.635769230769231,1,2
1850.0,1690.0,160.0,0.33,0.0,0.33,0,0,0,9.121538461538462,6.010769230769231,3.1107692307692307,1,1
2020.0,1780.0,240.0,0.67,0.5,0.17000000000000004,0,0,0,9.776153846153846,7.485769230769231,2.2903846153846157,1,2
1660.0,1850.0,-190.0,0.0,0.33,-0.33,0,0,0,5.924615384615384,9.121538461538462,-3.1969230769230776,1,1
1710.0,1780.0,-70.0,0.0,0.5,-0.5,0,0,0,5.970769230769231,7.485769230769231,-1.5149999999999997,0,0
1710.0,1850.0,-140.0,0.0,0.33,-0.33,0,0,0,5.970769230769231,9.121538461538462,-3.1507692307692308,0,2
1660.0,1780.0,-120.0,0.0,0.5,-0.5,0,0,0,5.924615384615384,7.485769230769231,-1.5611538461538466,1,0
1780.0,1830.0,-50.0,0.5,0.5,0.0,0,0,0,7.485769230769231,8.509615384615385,-1.0238461538461543,1,1
2020.0,1830.0,190.0,0.67,0.5,0.17000000000000004,0,0,0,9.776153846153846,8.509615384615385,1.2665384615384614,1,1
1810.0,1660.0,150.0,0.0,0.0,0.0,0,0,0,7.837307692307693,6.035,1.8023076923076928,0,1
1800.0,2140.0,-340.0,0.33,0.67,-0.34,0,5,-5,8.311153846153847,9.793461538461539,-1.4823076923076925,0,2
1800.0,1890.0,-90.0,0.33,0.0,0.33,0,2,-2,8.064230769230768,7.111923076923077,0.9523076923076914,0,0
1690.0,1710.0,-20.0,0.0,0.0,0.0,0,0,0,6.010769230769231,6.001153846153846,0.009615384615385025,1,1
1850.0,2020.0,-170.0,0.33,0.67,-0.34,0,0,0,9.121538461538462,9.776153846153846,-0.6546153846153846,1,1
1980.0,1760.0,220.0,0.33,0.0,0.33,0,0,0,9.423461538461538,6.701538461538462,2.7219230769230762,0,1
2120.0,2000.0,120.0,1.0,1.0,0.0,3,0,3,9.708076923076923,9.767692307692307,-0.05961538461538396,0,1
2140.0,1800.0,340.0,0.67,0.33,0.34,5,0,5,9.793461538461539,8.064230769230768,1.729230769230771,0,1
2060.0,1690.0,370.0,1.0,0.0,1.0,0,0,0,9.73423076923077,6.078076923076923,3.656153846153847,0,1
1750.0,1850.0,-100.0,0.33,0.33,0.0,0,0,0,8.043076923076923,9.121538461538462,-1.0784615384615392,1,2
1800.0,1980.0,-180.0,0.33,0.33,0.0,0,0,0,8.296538461538463,9.423461538461538,-1.1269230769230756,0,0
1800.0,1800.0,0.0,0.33,0.33,0.0,0,0,0,8.064230769230768,8.311153846153847,-0.24692307692307836,0,1
1850.0,1750.0,100.0,0.33,0.33,0.0,0,0,0,9.121538461538462,8.043076923076923,1.0784615384615392,0,1
2080.0,2020.0,60.0,0.5,0.67,-0.17000000000000004,1,0,1,8.685,9.796923076923077,-1.1119230769230768,0,1
1750.0,1850.0,-100.0,0.33,0.33,0.0,0,0,0,8.043076923076923,9.121538461538462,-1.0784615384615392,0,1
1760.0,1800.0,-40.0,0.0,0.33,-0.33,0,0,0,6.701538461538462,8.296538461538463,-1.5950000000000006,0,1
1800.0,2120.0,-320.0,0.33,1.0,-0.6699999999999999,0,3,-3,8.311153846153847,9.708076923076923,-1.396923076923077,0,2
1780.0,1750.0,30.0,0.5,0.33,0.16999999999999998,0,0,0,7.785,7.341923076923076,0.4430769230769238,0,2
2180.0,1800.0,380.0,1.0,0.33,0.6699999999999999,2,0,2,9.717307692307692,8.153461538461539,1.5638461538461534,0,1
2140.0,2090.0,50.0,0.67,0.67,0.0,0,2,-2,9.733846153846155,9.792692307692308,-0.05884615384615266,0,2
1690.0,1800.0,-110.0,0.0,0.33,-0.33,0,0,0,6.078076923076923,9.12346153846154,-3.0453846153846165,0,1
1800.0,1690.0,110.0,0.33,0.0,0.33,0,0,0,8.296538461538463,6.010769230769231,2.2857692307692314,1,1
2140.0,2080.0,60.0,0.67,0.5,0.17000000000000004,1,0,1,9.739230769230769,9.02076923076923,0.718461538461538,0,2
1980.0,1800.0,180.0,0.33,0.33,0.0,0,0,0,9.423461538461538,8.064230769230768,1.35923076923077,0,1
2060.0,1890.0,170.0,1.0,0.0,1.0,0,2,-2,9.73423076923077,7.111923076923077,2.622307692307693,1,0
1910.0,1780.0,130.0,0.5,0.5,0.0,0,0,0,7.631923076923077,7.785,-0.1530769230769229,0,0
1980.0,2140.0,-160.0,0.33,0.67,-0.34,0,0,0,9.437692307692307,9.733846153846155,-0.29615384615384777,0,0
2080.0,2020.0,60.0,0.5,0.67,-0.17000000000000004,0,0,0,9.02076923076923,9.796923076923077,-0.7761538461538464,0,1
1800.0,1840.0,-40.0,0.33,0.67,-0.34,0,0,0,8.37076923076923,9.64076923076923,-1.2699999999999996,0,0
2060.0,1800.0,260.0,1.0,0.33,0.6699999999999999,0,0,0,9.73423076923077,8.311153846153847,1.4230769230769234,1,2
1760.0,2000.0,-240.0,0.0,1.0,-1.0,0,0,0,6.701538461538462,9.767692307692307,-3.0661538461538456,1,0
1910.0,2180.0,-270.0,0.5,1.0,-0.5,0,2,-2,7.631923076923077,9.717307692307692,-2.0853846153846147,0,2
1980.0,2140.0,-160.0,0.33,0.67,-0.34,0,5,-5,9.423461538461538,9.793461538461539,-0.370000000000001,0,0
2090.0,2080.0,10.0,0.67,0.5,0.17000000000000004,2,1,1,9.792692307692308,8.685,1.1076923076923073,0,2
2020.0,1800.0,220.0,0.67,0.33,0.34,0,0,0,9.776153846153846,8.153461538461539,1.6226923076923079,0,1
1800.0,1710.0,90.0,0.33,0.0,0.33,0,0,0,9.12346153846154,6.03423076923077,3.0892307692307694,0,1
2020.0,2140.0,-120.0,0.67,0.67,0.0,0,1,-1,9.796923076923077,9.739230769230769,0.057692307692308376,0,0
1780.0,2180.0,-400.0,0.5,1.0,-0.5,0,2,-2,7.785,9.717307692307692,-1.9323076923076918,0,2
1980.0,1830.0,150.0,0.33,0.5,-0.16999999999999998,0,0,0,9.423461538461538,8.509615384615385,0.9138461538461531,0,1
1890.0,1690.0,200.0,0.0,0.0,0.0,2,0,2,7.111923076923077,6.078076923076923,1.033846153846154,0,1
2020.0,2080.0,-60.0,0.67,0.5,0.17000000000000004,0,0,0,9.796923076923077,9.02076923076923,0.7761538461538464,0,1
1840.0,1800.0,40.0,0.67,0.33,0.34,0,0,0,9.64076923076923,8.37076923076923,1.2699999999999996,0,1
1810.0,1780.0,30.0,0.0,0.5,-0.5,0,0,0,7.837307692307693,7.485769230769231,0.35153846153846224,1,0
2180.0,1910.0,270.0,1.0,0.5,0.5,2,0,2,9.717307692307692,7.631923076923077,2.0853846153846147,0,0
1980.0,1660.0,320.0,0.33,0.0,0.33,0,0,0,9.423461538461538,5.924615384615384,3.498846153846154,0,0
2060.0,1800.0,260.0,1.0,0.33,0.6699999999999999,0,0,0,9.73423076923077,8.064230769230768,1.6700000000000017,1,0
1800.0,1710.0,90.0,0.33,0.0,0.33,0,0,0,8.296538461538463,6.001153846153846,2.2953846153846165,0,1
2180.0,1780.0,400.0,1.0,0.5,0.5,2,0,2,9.717307692307692,7.785,1.9323076923076918,0,1
2140.0,1830.0,310.0,0.67,0.5,0.17000000000000004,5,0,5,9.793461538461539,8.509615384615385,1.283846153846154,1,1
1800.0,1710.0,90.0,0.33,0.0,0.33,0,0,0,9.12346153846154,5.970769230769231,3.152692307692308,1,1
1810.0,1890.0,-80.0,0.0,0.0,0.0,0,2,-2,7.837307692307693,7.111923076923077,0.7253846153846162,1,1
1760.0,1800.0,-40.0,0.0,0.33,-0.33,0,0,0,6.701538461538462,8.311153846153847,-1.6096153846153847,1,2
2140.0,2020.0,120.0,0.67,0.67,0.0,1,0,1,9.739230769230769,9.796923076923077,-0.057692307692308376,0,0
1710.0,1800.0,-90.0,0.0,0.33,-0.33,0,0,0,6.001153846153846,8.296538461538463,-2.2953846153846165,0,0
1780.0,1910.0,-130.0,0.5,0.5,0.0,0,0,0,7.785,7.631923076923077,0.1530769230769229,0,0
2140.0,1980.0,160.0,0.67,0.33,0.34,0,0,0,9.733846153846155,9.437692307692307,0.29615384615384777,0,1
2080.0,2090.0,-10.0,0.5,0.67,-0.17000000000000004,1,2,-1,8.685,9.792692307692308,-1.1076923076923073,0,2
2140.0,1660.0,480.0,0.67,0.0,0.67,5,0,5,9.793461538461539,5.924615384615384,3.868846153846155,1,1
1800.0,1890.0,-90.0,0.33,0.0,0.33,0,2,-2,9.12346153846154,7.111923076923077,2.0115384615384624,1,0
1800.0,1980.0,-180.0,0.33,0.33,0.0,0,0,0,8.311153846153847,9.423461538461538,-1.1123076923076916,1,2
1810.0,1750.0,60.0,0.0,0.33,-0.33,0,0,0,7.837307692307693,8.043076923076923,-0.2057692307692296,1,2
2060.0,2000.0,60.0,1.0,1.0,0.0,0,0,0,9.73423076923077,9.767692307692307,-0.03346153846153754,1,0
1800.0,2020.0,-220.0,0.33,0.67,-0.34,0,0,0,8.064230769230768,9.776153846153846,-1.7119230769230782,1,2
2080.0,2140.0,-60.0,0.5,0.67,-0.17000000000000004,0,1,-1,9.02076923076923,9.739230769230769,-0.718461538461538,0,0
1710.0,1690.0,20.0,0.0,0.0,0.0,0,0,0,5.970769230769231,6.078076923076923,-0.10730769230769166,1,1
2060.0,1660.0,400.0,1.0,0.0,1.0,0,0,0,9.73423076923077,6.035,3.6992307692307698,1,1
1760.0,1690.0,70.0,0.0,0.0,0.0,0,0,0,6.701538461538462,6.078076923076923,0.6234615384615392,1,2
1660.0,1800.0,-140.0,0.0,0.33,-0.33,0,0,0,6.035,8.311153846153847,-2.2761538461538464,1,2
1810.0,1660.0,150.0,0.0,0.0,0.0,0,0,0,7.837307692307693,5.924615384615384,1.9126923076923088,1,0
2060.0,1800.0,260.0,1.0,0.33,0.6699999999999999,0,0,0,9.73423076923077,8.37076923076923,1.3634615384615394,1,0
1760.0,1910.0,-150.0,0.0,0.5,-0.5,0,0,0,6.701538461538462,7.631923076923077,-0.9303846153846154,0,0
1980.0,1800.0,180.0,0.33,0.33,0.0,0,0,0,9.423461538461538,9.12346153846154,0.29999999999999893,1,0
1690.0,2140.0,-450.0,0.0,0.67,-0.67,0,1,-1,6.010769230769231,9.739230769230769,-3.728461538461538,0,0
2020.0,1830.0,190.0,0.67,0.5,0.17000000000000004,0,0,0,9.796923076923077,8.509615384615385,1.2873076923076923,1,0
1850.0,1980.0,-130.0,0.33,0.33,0.0,0,0,0,9.121538461538462,9.437692307692307,-0.31615384615384556,1,1
2000.0,1800.0,200.0,1.0,0.33,0.6699999999999999,0,0,0,9.767692307692307,8.064230769230768,1.7034615384615392,1,1
1800.0,1780.0,20.0,0.33,0.5,-0.16999999999999998,0,0,0,8.37076923076923,7.485769230769231,0.8849999999999998,0,1
1710.0,1800.0,-90.0,0.0,0.33,-0.33,0,0,0,5.970769230769231,8.311153846153847,-2.3403846153846155,0,0
1750.0,2140.0,-390.0,0.33,0.67,-0.34,0,0,0,8.043076923076923,9.733846153846155,-1.6907692307692326,1,0
2080.0,1810.0,270.0,0.5,0.0,0.5,1,0,1,8.685,7.837307692307693,0.8476923076923075,1,1
2120.0,1760.0,360.0,1.0,0.0,1.0,3,0,3,9.708076923076923,6.701538461538462,3.0065384615384616,1,0
2180.0,1800.0,380.0,1.0,0.33,0.6699999999999999,2,0,2,9.717307692307692,8.296538461538463,1.4207692307692295,1,1
2090.0,1980.0,110.0,0.67,0.33,0.34,2,0,2,9.792692307692308,9.423461538461538,0.3692307692307697,1,0
2020.0,1910.0,110.0,0.67,0.5,0.17000000000000004,0,0,0,9.776153846153846,7.631923076923077,2.144230769230769,1,2
1980.0,1800.0,180.0,0.33,0.33,0.0,0,0,0,9.437692307692307,9.12346153846154,0.3142307692307682,1,1
2080.0,1830.0,250.0,0.5,0.5,0.0,0,0,0,9.02076923076923,8.509615384615385,0.5111538461538458,1,1
1710.0,1750.0,-40.0,0.0,0.33,-0.33,0,0,0,5.970769230769231,8.043076923076923,-2.0723076923076915,0,0
2140.0,1800.0,340.0,0.67,0.33,0.34,0,0,0,9.733846153846155,8.311153846153847,1.4226923076923086,1,2
2120.0,2060.0,60.0,1.0,1.0,0.0,3,0,3,9.708076923076923,9.73423076923077,-0.026153846153846416,1,1
1660.0,1800.0,-140.0,0.0,0.33,-0.33,0,0,0,5.924615384615384,8.296538461538463,-2.3719230769230784,1,0
2140.0,2090.0,50.0,0.67,0.67,0.0,1,2,-1,9.739230769230769,9.792692307692308,-0.05346153846153889,1,2
1980.0,2020.0,-40.0,0.33,0.67,-0.34,0,0,0,9.437692307692307,9.776153846153846,-0.33846153846153904,1,0
1910.0,1800.0,110.0,0.5,0.33,0.16999999999999998,0,0,0,7.631923076923077,9.12346153846154,-1.491538461538462,1,1
2140.0,2020.0,120.0,0.67,0.67,0.0,5,0,5,9.793461538461539,9.796923076923077,-0.003461538461538183,1,1
2080.0,1890.0,190.0,0.5,0.0,0.5,0,2,-2,9.02076923076923,7.111923076923077,1.908846153846154,1,1
1800.0,1750.0,50.0,0.33,0.33,0.0,0,0,0,8.311153846153847,8.043076923076923,0.268076923076924,1,0
1710.0,2140.0,-430.0,0.0,0.67,-0.67,0,0,0,5.970769230769231,9.733846153846155,-3.763076923076924,0,0
1760.0,2060.0,-300.0,0.0,1.0,-1.0,0,0,0,6.701538461538462,9.73423076923077,-3.032692307692308,1,0
1660.0,2180.0,-520.0,0.0,1.0,-1.0,0,2,-2,5.924615384615384,9.717307692307692,-3.792692307692308,1,1
1980.0,2140.0,-160.0,0.33,0.67,-0.34,0,1,-1,9.423461538461538,9.739230769230769,-0.3157692307692308,1,1
1910.0,1980.0,-70.0,0.5,0.33,0.16999999999999998,0,0,0,7.631923076923077,9.437692307692307,-1.8057692307692301,1,2
1800.0,2020.0,-220.0,0.33,0.67,-0.34,0,0,0,9.12346153846154,9.776153846153846,-0.6526923076923072,1,0
1830.0,1890.0,-60.0,0.5,0.0,0.5,0,2,-2,8.509615384615385,7.111923076923077,1.3976923076923082,1,0
2120.0,1800.0,320.0,1.0,0.33,0.6699999999999999,3,0,3,9.708076923076923,8.296538461538463,1.411538461538461,1,1
2080.0,1750.0,330.0,0.5,0.33,0.16999999999999998,1,0,1,8.685,8.043076923076923,0.6419230769230779,1,1
1980.0,1910.0,70.0,0.33,0.5,-0.16999999999999998,0,0,0,9.423461538461538,7.631923076923077,1.7915384615384609,1,2
2020.0,2140.0,-120.0,0.67,0.67,0.0,0,1,-1,9.776153846153846,9.739230769230769,0.0369230769230775,1,2
2080.0,2020.0,60.0,0.5,0.67,-0.17000000000000004,0,0,0,9.02076923076923,9.796923076923077,-0.7761538461538464,1,1
1910.0,2140.0,-230.0,0.5,0.67,-0.17000000000000004,0,5,-5,7.631923076923077,9.793461538461539,-2.161538461538462,1,2
2140.0,2120.0,20.0,0.67,1.0,-0.32999999999999996,0,3,-3,9.733846153846155,9.708076923076923,0.025769230769231655,1,2
2020.0,2080.0,-60.0,0.67,0.5,0.17000000000000004,0,0,0,9.776153846153846,9.02076923076923,0.7553846153846155,1,1
2080.0,2180.0,-100.0,0.5,1.0,-0.5,1,2,-1,8.685,9.717307692307692,-1.0323076923076915,1,0
2120.0,1910.0,210.0,1.0,0.5,0.5,3,0,3,9.708076923076923,7.631923076923077,2.0761538461538462,1,1
2180.0,2020.0,160.0,1.0,0.67,0.32999999999999996,2,0,2,9.717307692307692,9.776153846153846,-0.058846153846154436,1,1
1910.0,2020.0,-110.0,0.5,0.67,-0.17000000000000004,0,0,0,7.631923076923077,9.776153846153846,-2.144230769230769,1,1
2120.0,2180.0,-60.0,1.0,1.0,0.0,3,2,1,9.708076923076923,9.717307692307692,-0.009230769230768487,1,2
1660.0,1760.0,-100.0,0.0,0.0,0.0,0,0,0,6.035,6.701538461538462,-0.6665384615384617,0,1
1660.0,1710.0,-50.0,0.0,0.0,0.0,0,0,0,6.035,5.970769230769231,0.06423076923076909,0,1
2120.0,1690.0,430.0,1.0,0.0,1.0,3,0,3,9.708076923076923,6.078076923076923,3.630000000000001,0,1
1800.0,1800.0,0.0,0.33,0.33,0.0,0,0,0,8.296538461538463,8.311153846153847,-0.01461538461538403,0,1
1980.0,1890.0,90.0,0.33,0.0,0.33,0,2,-2,9.423461538461538,7.111923076923077,2.3115384615384613,0,2
2180.0,2140.0,40.0,1.0,0.67,0.32999999999999996,2,0,2,9.717307692307692,9.733846153846155,-0.016538461538463167,0,1
1800.0,1980.0,-180.0,0.33,0.33,0.0,0,0,0,8.37076923076923,9.437692307692307,-1.0669230769230769,0,0
2020.0,2140.0,-120.0,0.67,0.67,0.0,0,5,-5,9.776153846153846,9.793461538461539,-0.01730769230769269,0,1
2140.0,1840.0,300.0,0.67,0.67,0.0,1,0,1,9.739230769230769,9.64076923076923,0.09846153846153882,0,1
1710.0,1800.0,-90.0,0.0,0.33,-0.33,0,0,0,6.03423076923077,9.12346153846154,-3.0892307692307694,0,0
2120.0,1710.0,410.0,1.0,0.0,1.0,3,0,3,9.708076923076923,6.03423076923077,3.6738461538461538,0,1
1800.0,1800.0,0.0,0.33,0.33,0.0,0,0,0,8.296538461538463,8.311153846153847,-0.01461538461538403,0,0
2090.0,1980.0,110.0,0.67,0.33,0.34,2,0,2,9.792692307692308,9.437692307692307,0.3550000000000004,0,0
1980.0,2000.0,-20.0,0.33,1.0,-0.6699999999999999,0,0,0,9.423461538461538,9.767692307692307,-0.34423076923076934,0,0
1750.0,2140.0,-390.0,0.33,0.67,-0.34,0,1,-1,7.341923076923076,9.739230769230769,-2.3973076923076926,0,1
2140.0,1910.0,230.0,0.67,0.5,0.17000000000000004,0,0,0,9.733846153846155,7.631923076923077,2.101923076923078,0,0
1690.0,1800.0,-110.0,0.0,0.33,-0.33,0,0,0,6.078076923076923,9.12346153846154,-3.0453846153846165,1,0
2120.0,1800.0,320.0,1.0,0.33,0.6699999999999999,3,0,3,9.708076923076923,8.296538461538463,1.411538461538461,1,1
2000.0,1660.0,340.0,1.0,0.0,1.0,0,0,0,9.767692307692307,6.035,3.7326923076923073,1,1
1800.0,1710.0,90.0,0.33,0.0,0.33,0,0,0,8.37076923076923,6.001153846153846,2.3696153846153845,0,1
1840.0,1750.0,90.0,0.67,0.33,0.34,0,0,0,9.64076923076923,7.341923076923076,2.2988461538461538,0,0
1980.0,1780.0,200.0,0.33,0.5,-0.16999999999999998,0,0,0,9.437692307692307,7.785,1.6526923076923072,0,2
1800.0,2020.0,-220.0,0.33,0.67,-0.34,0,0,0,8.153461538461539,9.776153846153846,-1.6226923076923079,0,1
1690.0,2060.0,-370.0,0.0,1.0,-1.0,0,0,0,6.078076923076923,9.73423076923077,-3.656153846153847,1,0
1910.0,2140.0,-230.0,0.5,0.67,-0.17000000000000004,0,1,-1,7.631923076923077,9.739230769230769,-2.1073076923076917,1,2
1780.0,1660.0,120.0,0.5,0.0,0.5,0,0,0,7.485769230769231,5.924615384615384,1.5611538461538466,0,2
2140.0,1750.0,390.0,0.67,0.33,0.34,5,0,5,9.793461538461539,8.043076923076923,1.7503846153846165,1,0
2090.0,2000.0,90.0,0.67,1.0,-0.32999999999999996,2,0,2,9.792692307692308,9.767692307692307,0.025000000000000355,0,0
1780.0,1800.0,-20.0,0.5,0.33,0.16999999999999998,0,0,0,7.785,8.37076923076923,-0.5857692307692304,0,1
1690.0,1810.0,-120.0,0.0,0.0,0.0,0,0,0,6.0600000000000005,7.837307692307693,-1.7773076923076925,0,0
1660.0,1710.0,-50.0,0.0,0.0,0.0,0,0,0,6.056538461538461,5.970769230769231,0.08576923076923038,1,1
1660.0,2060.0,-400.0,0.0,1.0,-1.0,0,0,0,6.056538461538461,9.73423076923077,-3.6776923076923085,1,0
2060.0,1710.0,350.0,1.0,0.0,1.0,0,0,0,9.73423076923077,5.970769230769231,3.763461538461539,1,0
1690.0,1710.0,-20.0,0.0,0.0,0.0,0,0,0,6.078076923076923,5.970769230769231,0.10730769230769166,1,1
2060.0,1690.0,370.0,1.0,0.0,1.0,0,0,0,9.73423076923077,6.078076923076923,3.656153846153847,1,1
2120.0,1800.0,320.0,1.0,0.33,0.6699999999999999,3,0,3,9.708076923076923,8.311153846153847,1.396923076923077,0,1
1840.0,1690.0,150.0,0.67,0.0,0.67,0,0,0,9.64076923076923,6.010769230769231,3.629999999999999,0,1
2090.0,1980.0,110.0,0.67,0.33,0.34,2,0,2,9.792692307692308,9.423461538461538,0.3692307692307697,0,0
2060.0,1800.0,260.0,1.0,0.33,0.6699999999999999,0,0,0,9.73423076923077,8.296538461538463,1.4376923076923074,1,2
1800.0,1890.0,-90.0,0.33,0.0,0.33,0,2,-2,8.311153846153847,7.111923076923077,1.1992307692307698,0,1
1850.0,1660.0,190.0,0.33,0.0,0.33,0,0,0,9.121538461538462,5.924615384615384,3.1969230769230776,0,0
2090.0,2180.0,-90.0,0.67,1.0,-0.32999999999999996,2,2,0,9.792692307692308,9.717307692307692,0.07538461538461583,0,1
2060.0,1690.0,370.0,1.0,0.0,1.0,0,0,0,9.73423076923077,6.0600000000000005,3.6742307692307694,1,2
1750.0,2080.0,-330.0,0.33,0.5,-0.16999999999999998,0,1,-1,7.341923076923076,8.685,-1.3430769230769242,0,0
1750.0,1780.0,-30.0,0.33,0.5,-0.16999999999999998,0,0,0,8.043076923076923,7.485769230769231,0.5573076923076918,0,0
1800.0,1780.0,20.0,0.33,0.5,-0.16999999999999998,0,0,0,8.37076923076923,7.785,0.5857692307692304,0,0
2000.0,1890.0,110.0,1.0,0.0,1.0,0,2,-2,9.767692307692307,7.111923076923077,2.6557692307692307,0,2
2120.0,1800.0,320.0,1.0,0.33,0.6699999999999999,3,0,3,9.708076923076923,8.064230769230768,1.6438461538461553,0,1
2140.0,1750.0,390.0,0.67,0.33,0.34,1,0,1,9.739230769230769,7.341923076923076,2.3973076923076926,0,1
1710.0,1690.0,20.0,0.0,0.0,0.0,0,0,0,6.03423076923077,6.078076923076923,-0.04384615384615298,0,0
2080.0,1800.0,280.0,0.5,0.33,0.16999999999999998,1,0,1,8.685,8.296538461538463,0.38846153846153797,0,1
1660.0,1710.0,-50.0,0.0,0.0,0.0,0,0,0,6.035,5.970769230769231,0.06423076923076909,1,2
1980.0,1800.0,180.0,0.33,0.33,0.0,0,0,0,9.423461538461538,9.12346153846154,0.29999999999999893,0,1
2140.0,2180.0,-40.0,0.67,1.0,-0.32999999999999996,0,2,-2,9.733846153846155,9.717307692307692,0.016538461538463167,0,0
1780.0,1980.0,-200.0,0.5,0.33,0.16999999999999998,0,0,0,7.785,9.437692307692307,-1.6526923076923072,0,0
2060.0,1830.0,230.0,1.0,0.5,0.5,0,0,0,9.73423076923077,8.509615384615385,1.2246153846153849,1,1
1840.0,2140.0,-300.0,0.67,0.67,0.0,0,1,-1,9.64076923076923,9.739230769230769,-0.09846153846153882,0,0
1780.0,1850.0,-70.0,0.5,0.33,0.16999999999999998,0,0,0,7.485769230769231,9.121538461538462,-1.635769230769231,1,2
1980.0,1800.0,180.0,0.33,0.33,0.0,0,0,0,9.437692307692307,8.37076923076923,1.0669230769230769,0,2
1800.0,2000.0,-200.0,0.33,1.0,-0.6699999999999999,0,0,0,8.311153846153847,9.767692307692307,-1.456538461538461,0,2
1890.0,2140.0,-250.0,0.0,0.67,-0.67,2,5,-3,7.111923076923077,9.793461538461539,-2.6815384615384623,0,1
1800.0,1710.0,90.0,0.33,0.0,0.33,0,0,0,8.296538461538463,6.001153846153846,2.2953846153846165,1,1
2180.0,1750.0,430.0,1.0,0.33,0.6699999999999999,2,0,2,9.717307692307692,7.341923076923076,2.3753846153846156,0,1
2060.0,2090.0,-30.0,1.0,0.67,0.32999999999999996,0,2,-2,9.73423076923077,9.792692307692308,-0.0584615384615379,1,2
2000.0,2140.0,-140.0,1.0,0.67,0.32999999999999996,0,5,-5,9.767692307692307,9.793461538461539,-0.025769230769231655,0,1
2120.0,1890.0,230.0,1.0,0.0,1.0,3,2,1,9.708076923076923,7.111923076923077,2.5961538461538467,0,0
1750.0,1840.0,-90.0,0.33,0.67,-0.34,0,0,0,7.341923076923076,9.64076923076923,-2.2988461538461538,0,2
1800.0,2000.0,-200.0,0.33,1.0,-0.6699999999999999,0,0,0,8.064230769230768,9.767692307692307,-1.7034615384615392,0,0
2140.0,2120.0,20.0,0.67,1.0,-0.32999999999999996,5,3,2,9.793461538461539,9.708076923076923,0.08538461538461561,0,0
1690.0,1810.0,-120.0,0.0,0.0,0.0,0,0,0,6.0600000000000005,7.837307692307693,-1.7773076923076925,0,2
1690.0,1760.0,-70.0,0.0,0.0,0.0,0,0,0,6.010769230769231,6.701538461538462,-0.6907692307692308,0,0
1780.0,2090.0,-310.0,0.5,0.67,-0.17000000000000004,0,2,-2,7.785,9.792692307692308,-2.0076923076923077,0,1
2060.0,2000.0,60.0,1.0,1.0,0.0,0,0,0,9.73423076923077,9.767692307692307,-0.03346153846153754,1,0
1710.0,1690.0,20.0,0.0,0.0,0.0,0,0,0,5.970769230769231,6.010769230769231,-0.040000000000000036,0,0
1980.0,1690.0,290.0,0.33,0.0,0.33,0,0,0,9.423461538461538,6.010769230769231,3.412692307692307,1,1
1850.0,1830.0,20.0,0.33,0.5,-0.16999999999999998,0,0,0,9.121538461538462,8.509615384615385,0.6119230769230768,1,2
1660.0,1980.0,-320.0,0.0,0.33,-0.33,0,0,0,6.035,9.423461538461538,-3.388461538461538,1,1
1800.0,1690.0,110.0,0.33,0.0,0.33,0,0,0,8.296538461538463,6.0600000000000005,2.236538461538462,1,2
1800.0,1660.0,140.0,0.33,0.0,0.33,0,0,0,8.153461538461539,5.924615384615384,2.2288461538461544,1,2
1660.0,1690.0,-30.0,0.0,0.0,0.0,0,0,0,6.035,6.010769230769231,0.024230769230769056,1,0
2020.0,1800.0,220.0,0.67,0.33,0.34,0,0,0,9.776153846153846,8.153461538461539,1.6226923076923079,1,0
1810.0,1980.0,-170.0,0.0,0.33,-0.33,0,0,0,7.837307692307693,9.423461538461538,-1.5861538461538451,1,1
1710.0,1690.0,20.0,0.0,0.0,0.0,0,0,0,5.970769230769231,6.0600000000000005,-0.08923076923076945,0,2
1710.0,1810.0,-100.0,0.0,0.0,0.0,0,0,0,5.970769230769231,7.837307692307693,-1.866538461538462,0,1
1710.0,1690.0,20.0,0.0,0.0,0.0,0,0,0,5.970769230769231,6.010769230769231,-0.040000000000000036,0,1
1690.0,2060.0,-370.0,0.0,1.0,-1.0,0,0,0,6.078076923076923,9.73423076923077,-3.656153846153847,1,0
2080.0,1800.0,280.0,0.5,0.33,0.16999999999999998,0,0,0,9.02076923076923,8.37076923076923,0.6500000000000004,0,1
1850.0,1710.0,140.0,0.33,0.0,0.33,0,0,0,9.121538461538462,6.001153846153846,3.1203846153846158,0,1
2140.0,1750.0,390.0,0.67,0.33,0.34,0,0,0,9.733846153846155,7.341923076923076,2.391923076923079,0,1
2140.0,2000.0,140.0,0.67,1.0,-0.32999999999999996,1,0,1,9.739230769230769,9.767692307692307,-0.028461538461538538,1,0
1660.0,1910.0,-250.0,0.0,0.5,-0.5,0,0,0,5.924615384615384,7.631923076923077,-1.707307692307693,1,2
2080.0,2140.0,-60.0,0.5,0.67,-0.17000000000000004,1,5,-4,8.685,9.793461538461539,-1.1084615384615386,0,0
2180.0,2090.0,90.0,1.0,0.67,0.32999999999999996,2,2,0,9.717307692307692,9.792692307692308,-0.07538461538461583,0,0
1780.0,1800.0,-20.0,0.5,0.33,0.16999999999999998,0,0,0,7.485769230769231,8.153461538461539,-0.6676923076923078,0,2
1850.0,1910.0,-60.0,0.33,0.5,-0.16999999999999998,0,0,0,9.121538461538462,7.631923076923077,1.4896153846153846,0,0
1710.0,1660.0,50.0,0.0,0.0,0.0,0,0,0,6.001153846153846,5.924615384615384,0.07653846153846189,1,2
2080.0,1980.0,100.0,0.5,0.33,0.16999999999999998,1,0,1,8.685,9.437692307692307,-0.7526923076923069,0,2
2090.0,2140.0,-50.0,0.67,0.67,0.0,2,0,2,9.792692307692308,9.733846153846155,0.05884615384615266,0,1
2140.0,2140.0,0.0,0.67,0.67,0.0,1,5,-4,9.739230769230769,9.793461538461539,-0.05423076923077019,0,2
2060.0,1890.0,170.0,1.0,0.0,1.0,0,2,-2,9.73423076923077,7.111923076923077,2.622307692307693,1,0
2140.0,1800.0,340.0,0.67,0.33,0.34,0,0,0,9.733846153846155,9.12346153846154,0.610384615384616,0,1
2060.0,2140.0,-80.0,1.0,0.67,0.32999999999999996,0,5,-5,9.73423076923077,9.793461538461539,-0.0592307692307692,1,0
2080.0,1910.0,170.0,0.5,0.5,0.0,0,0,0,9.02076923076923,7.631923076923077,1.3888461538461536,0,0
2020.0,1780.0,240.0,0.67,0.5,0.17000000000000004,0,0,0,9.796923076923077,7.785,2.011923076923077,0,2
2120.0,1800.0,320.0,1.0,0.33,0.6699999999999999,3,0,3,9.708076923076923,8.311153846153847,1.396923076923077,1,1
2180.0,1800.0,380.0,1.0,0.33,0.6699999999999999,2,0,2,9.717307692307692,9.12346153846154,0.5938461538461528,0,2
1810.0,1690.0,120.0,0.0,0.0,0.0,0,0,0,7.837307692307693,6.0600000000000005,1.7773076923076925,0,2
1760.0,1690.0,70.0,0.0,0.0,0.0,0,0,0,6.701538461538462,6.010769230769231,0.6907692307692308,0,0
2090.0,1750.0,340.0,0.67,0.33,0.34,2,0,2,9.792692307692308,7.341923076923076,2.4507692307692315,0,1
2140.0,1910.0,230.0,0.67,0.5,0.17000000000000004,1,0,1,9.739230769230769,7.631923076923077,2.1073076923076917,1,1
1690.0,1800.0,-110.0,0.0,0.33,-0.33,0,0,0,6.078076923076923,8.064230769230768,-1.9861538461538455,0,0
1780.0,2180.0,-400.0,0.5,1.0,-0.5,0,2,-2,7.785,9.717307692307692,-1.9323076923076918,1,0
1750.0,2020.0,-270.0,0.33,0.67,-0.34,0,0,0,7.341923076923076,9.796923076923077,-2.455000000000001,1,2
2120.0,1800.0,320.0,1.0,0.33,0.6699999999999999,3,0,3,9.708076923076923,9.12346153846154,0.5846153846153843,1,1
2140.0,2180.0,-40.0,0.67,1.0,-0.32999999999999996,0,2,-2,9.733846153846155,9.717307692307692,0.016538461538463167,1,2
2090.0,2020.0,70.0,0.67,0.67,0.0,2,0,2,9.792692307692308,9.796923076923077,-0.004230769230769482,0,2
1890.0,1690.0,200.0,0.0,0.0,0.0,2,0,2,7.111923076923077,6.078076923076923,1.033846153846154,1,1
2000.0,1800.0,200.0,1.0,0.33,0.6699999999999999,0,0,0,9.767692307692307,8.064230769230768,1.7034615384615392,1,1
2140.0,1780.0,360.0,0.67,0.5,0.17000000000000004,0,0,0,9.733846153846155,7.785,1.948846153846155,1,0
1800.0,2140.0,-340.0,0.33,0.67,-0.34,0,5,-5,8.064230769230768,9.793461538461539,-1.729230769230771,1,0
2060.0,1800.0,260.0,1.0,0.33,0.6699999999999999,0,0,0,9.73423076923077,8.311153846153847,1.4230769230769234,1,2
2180.0,1980.0,200.0,1.0,0.33,0.6699999999999999,2,0,2,9.717307692307692,9.437692307692307,0.2796153846153846,1,1
2140.0,2000.0,140.0,0.67,1.0,-0.32999999999999996,5,0,5,9.793461538461539,9.767692307692307,0.025769230769231655,1,2
2120.0,1800.0,320.0,1.0,0.33,0.6699999999999999,3,0,3,9.708076923076923,8.311153846153847,1.396923076923077,1,2
2090.0,2140.0,-50.0,0.67,0.67,0.0,2,1,1,9.792692307692308,9.739230769230769,0.05346153846153889,0,0
2080.0,2180.0,-100.0,0.5,1.0,-0.5,0,2,-2,9.02076923076923,9.717307692307692,-0.6965384615384611,1,2
2080.0,2020.0,60.0,0.5,0.67,-0.17000000000000004,1,0,1,8.685,9.796923076923077,-1.1119230769230768,1,2
1890.0,2140.0,-250.0,0.0,0.67,-0.67,2,5,-3,7.111923076923077,9.793461538461539,-2.6815384615384623,1,2
2000.0,1690.0,310.0,1.0,0.0,1.0,0,0,0,9.767692307692307,6.078076923076923,3.6896153846153847,1,1
2140.0,2180.0,-40.0,0.67,1.0,-0.32999999999999996,1,2,-1,9.739230769230769,9.717307692307692,0.021923076923076934,1,1
2120.0,1800.0,320.0,1.0,0.33,0.6699999999999999,3,0,3,9.708076923076923,9.12346153846154,0.5846153846153843,1,1
2140.0,2080.0,60.0,0.67,0.5,0.17000000000000004,0,1,-1,9.733846153846155,8.685,1.0488461538461546,1,0
1890.0,2000.0,-110.0,0.0,1.0,-1.0,2,0,2,7.111923076923077,9.767692307692307,-2.6557692307692307,1,0
1800.0,1890.0,-90.0,0.33,0.0,0.33,0,2,-2,9.12346153846154,7.111923076923077,2.0115384615384624,1,2
2140.0,2080.0,60.0,0.67,0.5,0.17000000000000004,1,1,0,9.739230769230769,8.685,1.0542307692307684,1,1
2120.0,2000.0,120.0,1.0,1.0,0.0,3,0,3,9.708076923076923,9.767692307692307,-0.05961538461538396,1,1
2080.0,1910.0,170.0,0.5,0.5,0.0,0,0,0,9.02076923076923,7.631923076923077,1.3888461538461536,0,1
1890.0,1800.0,90.0,0.0,0.33,-0.33,2,0,2,7.111923076923077,8.064230769230768,-0.9523076923076914,0,2
2140.0,1800.0,340.0,0.67,0.33,0.34,5,0,5,9.793461538461539,8.311153846153847,1.4823076923076925,0,1
2060.0,1710.0,350.0,1.0,0.0,1.0,0,0,0,9.73423076923077,6.001153846153846,3.733076923076924,1,1
2080.0,1750.0,330.0,0.5,0.33,0.16999999999999998,0,0,0,9.02076923076923,7.341923076923076,1.6788461538461545,0,1
2020.0,2140.0,-120.0,0.67,0.67,0.0,0,1,-1,9.796923076923077,9.739230769230769,0.057692307692308376,0,0
2180.0,1980.0,200.0,1.0,0.33,0.6699999999999999,2,0,2,9.717307692307692,9.437692307692307,0.2796153846153846,0,1
1840.0,1780.0,60.0,0.67,0.5,0.17000000000000004,0,0,0,9.64076923076923,7.785,1.85576923076923,0,1
2060.0,1800.0,260.0,1.0,0.33,0.6699999999999999,0,0,0,9.73423076923077,9.12346153846154,0.6107692307692307,1,2
2140.0,2090.0,50.0,0.67,0.67,0.0,0,2,-2,9.733846153846155,9.792692307692308,-0.05884615384615266,0,2
2000.0,2120.0,-120.0,1.0,1.0,0.0,0,3,-3,9.767692307692307,9.708076923076923,0.05961538461538396,0,1
1800.0,2140.0,-340.0,0.33,0.67,-0.34,0,5,-5,8.064230769230768,9.793461538461539,-1.729230769230771,0,1
1800.0,1800.0,0.0,0.33,0.33,0.0,0,0,0,8.311153846153847,8.064230769230768,0.24692307692307836,0,2
1690.0,1810.0,-120.0,0.0,0.0,0.0,0,0,0,6.0600000000000005,7.837307692307693,-1.7773076923076925,0,2
1760.0,1980.0,-220.0,0.0,0.33,-0.33,0,0,0,6.701538461538462,9.423461538461538,-2.7219230769230762,0,0
1910.0,1750.0,160.0,0.5,0.33,0.16999999999999998,0,0,0,7.631923076923077,7.341923076923076,0.2900000000000009,0,1
1780.0,1840.0,-60.0,0.5,0.67,-0.17000000000000004,0,0,0,7.785,9.64076923076923,-1.85576923076923,0,1
1980.0,2180.0,-200.0,0.33,1.0,-0.6699999999999999,0,2,-2,9.437692307692307,9.717307692307692,-0.2796153846153846,0,0
2090.0,2140.0,-50.0,0.67,0.67,0.0,2,0,2,9.792692307692308,9.733846153846155,0.05884615384615266,0,1
1800.0,1690.0,110.0,0.33,0.0,0.33,0,0,0,9.12346153846154,6.078076923076923,3.0453846153846165,0,1
1750.0,2080.0,-330.0,0.33,0.5,-0.16999999999999998,0,0,0,7.341923076923076,9.02076923076923,-1.6788461538461545,0,2
1890.0,1800.0,90.0,0.0,0.33,-0.33,2,0,2,7.111923076923077,8.311153846153847,-1.1992307692307698,0,2
1810.0,1710.0,100.0,0.0,0.0,0.0,0,0,0,7.837307692307693,5.970769230769231,1.866538461538462,1,1
1980.0,1800.0,180.0,0.33,0.33,0.0,0,0,0,9.423461538461538,8.296538461538463,1.1269230769230756,0,2
1800.0,2120.0,-320.0,0.33,1.0,-0.6699999999999999,0,3,-3,8.064230769230768,9.708076923076923,-1.6438461538461553,0,1
1710.0,1690.0,20.0,0.0,0.0,0.0,0,0,0,5.970769230769231,6.0600000000000005,-0.08923076923076945,0,1
1660.0,1690.0,-30.0,0.0,0.0,0.0,0,0,0,6.035,6.010769230769231,0.024230769230769056,0,2
1800.0,1760.0,40.0,0.33,0.0,0.33,0,0,0,8.296538461538463,6.701538461538462,1.5950000000000006,0,2
1750.0,1910.0,-160.0,0.33,0.5,-0.16999999999999998,0,0,0,7.341923076923076,7.631923076923077,-0.2900000000000009,0,1
1890.0,2000.0,-110.0,0.0,1.0,-1.0,2,0,2,7.111923076923077,9.767692307692307,-2.6557692307692307,0,1
1910.0,2080.0,-170.0,0.5,0.5,0.0,0,0,0,7.631923076923077,9.02076923076923,-1.3888461538461536,0,2
2140.0,2020.0,120.0,0.67,0.67,0.0,1,0,1,9.739230769230769,9.796923076923077,-0.057692307692308376,0,1
2000.0,1800.0,200.0,1.0,0.33,0.6699999999999999,0,0,0,9.767692307692307,8.311153846153847,1.456538461538461,0,0
2140.0,1890.0,250.0,0.67,0.0,0.67,5,2,3,9.793461538461539,7.111923076923077,2.6815384615384623,0,2
1660.0,1760.0,-100.0,0.0,0.0,0.0,0,0,0,6.035,6.701538461538462,-0.6665384615384617,1,0
1690.0,1690.0,0.0,0.0,0.0,0.0,0,0,0,6.0600000000000005,6.010769230769231,0.04923076923076941,1,2
1800.0,2060.0,-260.0,0.33,1.0,-0.6699999999999999,0,0,0,9.12346153846154,9.73423076923077,-0.6107692307692307,1,0
1910.0,2180.0,-270.0,0.5,1.0,-0.5,0,2,-2,7.631923076923077,9.717307692307692,-2.0853846153846147,0,1
2140.0,2140.0,0.0,0.67,0.67,0.0,0,1,-1,9.733846153846155,9.739230769230769,-0.005384615384613767,0,2
2140.0,2000.0,140.0,0.67,1.0,-0.32999999999999996,5,0,5,9.793461538461539,9.767692307692307,0.025769230769231655,0,1
1890.0,2120.0,-230.0,0.0,1.0,-1.0,2,3,-1,7.111923076923077,9.708076923076923,-2.5961538461538467,0,0
1690.0,2060.0,-370.0,0.0,1.0,-1.0,0,0,0,6.078076923076923,9.73423076923077,-3.656153846153847,1,0
2180.0,1910.0,270.0,1.0,0.5,0.5,2,0,2,9.717307692307692,7.631923076923077,2.0853846153846147,0,1
2140.0,2140.0,0.0,0.67,0.67,0.0,1,0,1,9.739230769230769,9.733846153846155,0.005384615384613767,0,2
2000.0,1800.0,200.0,1.0,0.33,0.6699999999999999,0,0,0,9.767692307692307,8.064230769230768,1.7034615384615392,0,2
2120.0,2140.0,-20.0,1.0,0.67,0.32999999999999996,3,5,-2,9.708076923076923,9.793461538461539,-0.08538461538461561,0,1
1810.0,1690.0,120.0,0.0,0.0,0.0,0,0,0,7.837307692307693,6.0600000000000005,1.7773076923076925,0,2
1980.0,1760.0,220.0,0.33,0.0,0.33,0,0,0,9.423461538461538,6.701538461538462,2.7219230769230762,0,2
1760.0,1690.0,70.0,0.0,0.0,0.0,0,0,0,6.701538461538462,6.010769230769231,0.6907692307692308,0,1
2090.0,2080.0,10.0,0.67,0.5,0.17000000000000004,2,0,2,9.792692307692308,9.02076923076923,0.7719230769230769,0,0
2140.0,2180.0,-40.0,0.67,1.0,-0.32999999999999996,1,2,-1,9.739230769230769,9.717307692307692,0.021923076923076934,1,1
1800.0,2140.0,-340.0,0.33,0.67,-0.34,0,5,-5,8.311153846153847,9.793461538461539,-1.4823076923076925,0,2
1800.0,1890.0,-90.0,0.33,0.0,0.33,0,2,-2,8.064230769230768,7.111923076923077,0.9523076923076914,0,1
1710.0,1810.0,-100.0,0.0,0.0,0.0,0,0,0,5.970769230769231,7.837307692307693,-1.866538461538462,0,1
1800.0,1980.0,-180.0,0.33,0.33,0.0,0,0,0,8.296538461538463,9.423461538461538,-1.1269230769230756,0,1
2020.0,1660.0,360.0,0.67,0.0,0.67,0,0,0,9.776153846153846,5.924615384615384,3.8515384615384622,0,1
2060.0,2020.0,40.0,1.0,0.67,0.32999999999999996,0,0,0,9.73423076923077,9.796923076923077,-0.06269230769230738,1,0
2090.0,2180.0,-90.0,0.67,1.0,-0.32999999999999996,2,2,0,9.792692307692308,9.717307692307692,0.07538461538461583,0,0
2080.0,2140.0,-60.0,0.5,0.67,-0.17000000000000004,0,1,-1,9.02076923076923,9.739230769230769,-0.718461538461538,1,2
2080.0,1750.0,330.0,0.5,0.33,0.16999999999999998,1,0,1,8.685,8.043076923076923,0.6419230769230779,0,0
1800.0,1780.0,20.0,0.33,0.5,-0.16999999999999998,0,0,0,8.37076923076923,7.485769230769231,0.8849999999999998,0,1
2120.0,2000.0,120.0,1.0,1.0,0.0,3,0,3,9.708076923076923,9.767692307692307,-0.05961538461538396,0,2
2140.0,1800.0,340.0,0.67,0.33,0.34,5,0,5,9.793461538461539,8.064230769230768,1.729230769230771,0,1
1690.0,1710.0,-20.0,0.0,0.0,0.0,0,0,0,6.0600000000000005,5.970769230769231,0.08923076923076945,0,1
1690.0,1660.0,30.0,0.0,0.0,0.0,0,0,0,6.010769230769231,6.035,-0.024230769230769056,0,0
1760.0,1800.0,-40.0,0.0,0.33,-0.33,0,0,0,6.701538461538462,8.296538461538463,-1.5950000000000006,0,0
1660.0,1710.0,-50.0,0.0,0.0,0.0,0,0,0,6.056538461538461,6.03423076923077,0.022307692307691696,1,0
1660.0,1760.0,-100.0,0.0,0.0,0.0,0,0,0,6.056538461538461,6.701538461538462,-0.6450000000000005,1,0
1710.0,1800.0,-90.0,0.0,0.33,-0.33,0,0,0,6.03423076923077,9.12346153846154,-3.0892307692307694,1,2
2060.0,1760.0,300.0,1.0,0.0,1.0,0,0,0,9.73423076923077,6.701538461538462,3.032692307692308,1,1
1800.0,1800.0,0.0,0.33,0.33,0.0,0,0,0,8.064230769230768,8.311153846153847,-0.24692307692307836,0,2
1800.0,1710.0,90.0,0.33,0.0,0.33,0,0,0,8.296538461538463,6.001153846153846,2.2953846153846165,0,1
2060.0,1980.0,80.0,1.0,0.33,0.6699999999999999,0,0,0,9.73423076923077,9.423461538461538,0.3107692307692318,1,2
1710.0,1800.0,-90.0,0.0,0.33,-0.33,0,0,0,6.001153846153846,8.296538461538463,-2.2953846153846165,0,0
1800.0,2120.0,-320.0,0.33,1.0,-0.6699999999999999,0,3,-3,8.311153846153847,9.708076923076923,-1.396923076923077,0,1
1800.0,1800.0,0.0,0.33,0.33,0.0,0,0,0,9.12346153846154,8.296538461538463,0.8269230769230766,0,0
1980.0,1800.0,180.0,0.33,0.33,0.0,0,0,0,9.423461538461538,8.064230769230768,1.35923076923077,0,2
1800.0,2020.0,-220.0,0.33,0.67,-0.34,0,0,0,8.37076923076923,9.796923076923077,-1.4261538461538468,0,0
2060.0,2000.0,60.0,1.0,1.0,0.0,0,0,0,9.73423076923077,9.767692307692307,-0.03346153846153754,1,0
1690.0,1890.0,-200.0,0.0,0.0,0.0,0,2,-2,6.0600000000000005,7.111923076923077,-1.0519230769230763,1,0
1980.0,2140.0,-160.0,0.33,0.67,-0.34,0,5,-5,9.423461538461538,9.793461538461539,-0.370000000000001,0,1
1800.0,2000.0,-200.0,0.33,1.0,-0.6699999999999999,0,0,0,9.12346153846154,9.767692307692307,-0.6442307692307683,1,2
2060.0,1800.0,260.0,1.0,0.33,0.6699999999999999,0,0,0,9.73423076923077,8.311153846153847,1.4230769230769234,0,2
1840.0,1710.0,130.0,0.67,0.0,0.67,0,0,0,9.64076923076923,6.001153846153846,3.639615384615384,0,2
1760.0,1660.0,100.0,0.0,0.0,0.0,0,0,0,6.701538461538462,6.035,0.6665384615384617,0,2
1800.0,1800.0,0.0,0.33,0.33,0.0,0,0,0,9.12346153846154,8.311153846153847,0.8123076923076926,0,2
1980.0,1830.0,150.0,0.33,0.5,-0.16999999999999998,0,0,0,9.423461538461538,8.509615384615385,0.9138461538461531,0,1
1660.0,1690.0,-30.0,0.0,0.0,0.0,0,0,0,5.924615384615384,6.010769230769231,-0.08615384615384691,0,1
1690.0,1850.0,-160.0,0.0,0.33,-0.33,0,0,0,6.0600000000000005,9.121538461538462,-3.0615384615384613,1,1
2140.0,1750.0,390.0,0.67,0.33,0.34,5,0,5,9.793461538461539,8.043076923076923,1.7503846153846165,1,1
2000.0,1710.0,290.0,1.0,0.0,1.0,0,0,0,9.767692307692307,6.001153846153846,3.7665384615384614,1,1
2060.0,1890.0,170.0,1.0,0.0,1.0,0,2,-2,9.73423076923077,7.111923076923077,2.622307692307693,0,2
2020.0,1800.0,220.0,0.67,0.33,0.34,0,0,0,9.796923076923077,8.37076923076923,1.4261538461538468,0,1
1760.0,1780.0,-20.0,0.0,0.5,-0.5,0,0,0,6.701538461538462,7.485769230769231,-0.7842307692307688,0,0
2140.0,1660.0,480.0,0.67,0.0,0.67,5,0,5,9.793461538461539,5.924615384615384,3.868846153846155,1,2
2000.0,1800.0,200.0,1.0,0.33,0.6699999999999999,0,0,0,9.767692307692307,8.296538461538463,1.471153846153845,1,1
1800.0,1710.0,90.0,0.33,0.0,0.33,0,0,0,8.311153846153847,6.001153846153846,2.3100000000000005,1,1
2060.0,1800.0,260.0,1.0,0.33,0.6699999999999999,0,0,0,9.73423076923077,8.064230769230768,1.6700000000000017,1,0
1810.0,1690.0,120.0,0.0,0.0,0.0,0,0,0,7.837307692307693,6.0600000000000005,1.7773076923076925,1,2
1710.0,1660.0,50.0,0.0,0.0,0.0,0,0,0,5.970769230769231,5.924615384615384,0.04615384615384688,0,0
2020.0,1760.0,260.0,0.67,0.0,0.67,0,0,0,9.776153846153846,6.701538461538462,3.0746153846153845,1,1
1850.0,1690.0,160.0,0.33,0.0,0.33,0,0,0,9.121538461538462,6.010769230769231,3.1107692307692307,1,0
1780.0,1660.0,120.0,0.5,0.0,0.5,0,0,0,7.485769230769231,6.035,1.4507692307692306,1,1
1690.0,1660.0,30.0,0.0,0.0,0.0,0,0,0,6.010769230769231,6.035,-0.024230769230769056,1,1
1760.0,1690.0,70.0,0.0,0.0,0.0,0,0,0,6.701538461538462,6.010769230769231,0.6907692307692308,1,0
1690.0,2020.0,-330.0,0.0,0.67,-0.67,0,0,0,6.010769230769231,9.776153846153846,-3.7653846153846153,1,0
1850.0,1800.0,50.0,0.33,0.33,0.0,0,0,0,9.121538461538462,8.153461538461539,0.9680769230769233,1,1
1750.0,1850.0,-100.0,0.33,0.33,0.0,0,0,0,8.043076923076923,9.121538461538462,-1.0784615384615392,1,1
2020.0,1750.0,270.0,0.67,0.33,0.34,0,0,0,9.776153846153846,8.043076923076923,1.7330769230769238,0,1
1690.0,2060.0,-370.0,0.0,1.0,-1.0,0,0,0,6.078076923076923,9.73423076923077,-3.656153846153847,0,0
2140.0,2180.0,-40.0,0.67,1.0,-0.32999999999999996,5,2,3,9.793461538461539,9.717307692307692,0.07615384615384713,1,0
2000.0,1910.0,90.0,1.0,0.5,0.5,0,0,0,9.767692307692307,7.631923076923077,2.13576923076923,1,0
1780.0,1830.0,-50.0,0.5,0.5,0.0,0,0,0,7.785,8.509615384615385,-0.7246153846153849,0,1
2080.0,1890.0,190.0,0.5,0.0,0.5,1,2,-1,8.685,7.111923076923077,1.5730769230769237,0,2
2020.0,1800.0,220.0,0.67,0.33,0.34,0,0,0,9.776153846153846,8.311153846153847,1.4649999999999999,1,2
2140.0,1840.0,300.0,0.67,0.67,0.0,0,0,0,9.733846153846155,9.64076923076923,0.09307692307692506,0,1
1760.0,1850.0,-90.0,0.0,0.33,-0.33,0,0,0,6.701538461538462,9.121538461538462,-2.42,0,0
1800.0,1690.0,110.0,0.33,0.0,0.33,0,0,0,8.153461538461539,6.078076923076923,2.075384615384616,0,2
2020.0,2090.0,-70.0,0.67,0.67,0.0,0,2,-2,9.796923076923077,9.792692307692308,0.004230769230769482,0,0
1660.0,1660.0,0.0,0.0,0.0,0.0,0,0,0,6.056538461538461,5.924615384615384,0.13192307692307725,1,0
2060.0,2080.0,-20.0,1.0,0.5,0.5,0,0,0,9.73423076923077,9.02076923076923,0.713461538461539,0,2
1750.0,1980.0,-230.0,0.33,0.33,0.0,0,0,0,7.341923076923076,9.423461538461538,-2.081538461538462,0,0
2000.0,2180.0,-180.0,1.0,1.0,0.0,0,2,-2,9.767692307692307,9.717307692307692,0.05038461538461547,1,0
2090.0,1830.0,260.0,0.67,0.5,0.17000000000000004,2,0,2,9.792692307692308,8.509615384615385,1.2830769230769228,0,1
1780.0,1890.0,-110.0,0.5,0.0,0.5,0,2,-2,7.485769230769231,7.111923076923077,0.37384615384615394,1,2
2140.0,1910.0,230.0,0.67,0.5,0.17000000000000004,5,0,5,9.793461538461539,7.631923076923077,2.161538461538462,1,1
1800.0,1660.0,140.0,0.33,0.0,0.33,0,0,0,9.12346153846154,5.924615384615384,3.198846153846155,0,2
2080.0,1980.0,100.0,0.5,0.33,0.16999999999999998,1,0,1,8.685,9.423461538461538,-0.7384615384615376,0,0
2060.0,1980.0,80.0,1.0,0.33,0.6699999999999999,0,0,0,9.73423076923077,9.437692307692307,0.29653846153846253,1,2
2020.0,1800.0,220.0,0.67,0.33,0.34,0,0,0,9.776153846153846,8.064230769230768,1.7119230769230782,1,1
2140.0,1800.0,340.0,0.67,0.33,0.34,0,0,0,9.733846153846155,8.311153846153847,1.4226923076923086,0,2
1840.0,2020.0,-180.0,0.67,0.67,0.0,0,0,0,9.64076923076923,9.796923076923077,-0.1561538461538472,0,2
1800.0,1690.0,110.0,0.33,0.0,0.33,0,0,0,8.153461538461539,6.078076923076923,2.075384615384616,0,0
2140.0,1850.0,290.0,0.67,0.33,0.34,1,0,1,9.739230769230769,9.121538461538462,0.6176923076923071,0,2
1800.0,1710.0,90.0,0.33,0.0,0.33,0,0,0,8.296538461538463,6.03423076923077,2.262307692307693,0,1
2060.0,1830.0,230.0,1.0,0.5,0.5,0,0,0,9.73423076923077,8.509615384615385,1.2246153846153849,0,1
1800.0,1760.0,40.0,0.33,0.0,0.33,0,0,0,8.311153846153847,6.701538461538462,1.6096153846153847,1,1
2060.0,1800.0,260.0,1.0,0.33,0.6699999999999999,0,0,0,9.73423076923077,8.296538461538463,1.4376923076923074,1,1
1750.0,1710.0,40.0,0.33,0.0,0.33,0,0,0,7.341923076923076,6.03423076923077,1.3076923076923066,0,1
2140.0,1690.0,450.0,0.67,0.0,0.67,5,0,5,9.793461538461539,6.078076923076923,3.7153846153846164,0,1
2020.0,1690.0,330.0,0.67,0.0,0.67,0,0,0,9.796923076923077,6.010769230769231,3.786153846153846,0,1
1780.0,1660.0,120.0,0.5,0.0,0.5,0,0,0,7.785,5.924615384615384,1.860384615384616,0,1
1800.0,1690.0,110.0,0.33,0.0,0.33,0,0,0,9.12346153846154,6.0600000000000005,3.0634615384615387,0,1
1840.0,1800.0,40.0,0.67,0.33,0.34,0,0,0,9.64076923076923,8.37076923076923,1.2699999999999996,0,1
1910.0,1980.0,-70.0,0.5,0.33,0.16999999999999998,0,0,0,7.631923076923077,9.437692307692307,-1.8057692307692301,0,0
1660.0,1710.0,-50.0,0.0,0.0,0.0,0,0,0,6.056538461538461,6.001153846153846,0.055384615384615365,1,1
2140.0,1780.0,360.0,0.67,0.5,0.17000000000000004,0,0,0,9.733846153846155,7.485769230769231,2.2480769230769244,0,0
2140.0,1660.0,480.0,0.67,0.0,0.67,1,0,1,9.739230769230769,6.035,3.7042307692307688,0,2
1800.0,2020.0,-220.0,0.33,0.67,-0.34,0,0,0,8.296538461538463,9.796923076923077,-1.5003846153846148,1,2
1980.0,1660.0,320.0,0.33,0.0,0.33,0,0,0,9.437692307692307,5.924615384615384,3.513076923076923,0,1
2140.0,1850.0,290.0,0.67,0.33,0.34,5,0,5,9.793461538461539,9.121538461538462,0.6719230769230773,1,1
2080.0,1710.0,370.0,0.5,0.0,0.5,1,0,1,8.685,6.001153846153846,2.6838461538461544,1,1
1690.0,2000.0,-310.0,0.0,1.0,-1.0,0,0,0,6.010769230769231,9.767692307692307,-3.7569230769230764,1,0
2020.0,1840.0,180.0,0.67,0.67,0.0,0,0,0,9.776153846153846,9.64076923076923,0.13538461538461632,1,2
2140.0,1690.0,450.0,0.67,0.0,0.67,0,0,0,9.733846153846155,6.0600000000000005,3.6738461538461546,1,1
1760.0,1750.0,10.0,0.0,0.33,-0.33,0,0,0,6.701538461538462,8.043076923076923,-1.3415384615384607,1,2
2060.0,1800.0,260.0,1.0,0.33,0.6699999999999999,0,0,0,9.73423076923077,8.153461538461539,1.5807692307692314,0,1
1710.0,2020.0,-310.0,0.0,0.67,-0.67,0,0,0,5.970769230769231,9.796923076923077,-3.8261538461538462,1,2
2140.0,2020.0,120.0,0.67,0.67,0.0,5,0,5,9.793461538461539,9.776153846153846,0.01730769230769269,1,2
1660.0,1750.0,-90.0,0.0,0.33,-0.33,0,0,0,6.056538461538461,7.341923076923076,-1.285384615384615,1,0
2090.0,1710.0,380.0,0.67,0.0,0.67,2,0,2,9.792692307692308,6.03423076923077,3.758461538461538,1,1
2140.0,1980.0,160.0,0.67,0.33,0.34,0,0,0,9.733846153846155,9.423461538461538,0.31038461538461704,1,2
1800.0,1660.0,140.0,0.33,0.0,0.33,0,0,0,8.37076923076923,5.924615384615384,2.4461538461538463,1,1
1980.0,1850.0,130.0,0.33,0.33,0.0,0,0,0,9.437692307692307,9.121538461538462,0.31615384615384556,1,2
1810.0,1710.0,100.0,0.0,0.0,0.0,0,0,0,7.837307692307693,6.001153846153846,1.836153846153847,1,2
1760.0,1890.0,-130.0,0.0,0.0,0.0,0,2,-2,6.701538461538462,7.111923076923077,-0.4103846153846149,1,2
2180.0,1750.0,430.0,1.0,0.33,0.6699999999999999,2,0,2,9.717307692307692,8.043076923076923,1.6742307692307694,1,1
1660.0,1840.0,-180.0,0.0,0.67,-0.67,0,0,0,6.035,9.64076923076923,-3.60576923076923,1,0
2120.0,1780.0,340.0,1.0,0.5,0.5,3,0,3,9.708076923076923,7.485769230769231,2.2223076923076928,1,1
1780.0,1690.0,90.0,0.5,0.0,0.5,0,0,0,7.785,6.010769230769231,1.774230769230769,1,1
1690.0,2000.0,-310.0,0.0,1.0,-1.0,0,0,0,6.0600000000000005,9.767692307692307,-3.707692307692307,1,0
2080.0,1910.0,170.0,0.5,0.5,0.0,1,0,1,8.685,7.631923076923077,1.0530769230769232,1,1
1830.0,1690.0,140.0,0.5,0.0,0.5,0,0,0,8.509615384615385,6.078076923076923,2.4315384615384623,1,1
1800.0,1710.0,90.0,0.33,0.0,0.33,0,0,0,9.12346153846154,5.970769230769231,3.152692307692308,0,1
1750.0,2020.0,-270.0,0.33,0.67,-0.34,0,0,0,7.341923076923076,9.776153846153846,-2.43423076923077,1,0
2140.0,1660.0,480.0,0.67,0.0,0.67,5,0,5,9.793461538461539,6.056538461538461,3.7369230769230777,1,1
1800.0,1710.0,90.0,0.33,0.0,0.33,0,0,0,8.311153846153847,6.03423076923077,2.276923076923077,1,2
2140.0,1800.0,340.0,0.67,0.33,0.34,0,0,0,9.733846153846155,8.37076923076923,1.3630769230769246,1,1
1660.0,1980.0,-320.0,0.0,0.33,-0.33,0,0,0,5.924615384615384,9.423461538461538,-3.498846153846154,1,0
1980.0,1810.0,170.0,0.33,0.0,0.33,0,0,0,9.437692307692307,7.837307692307693,1.6003846153846144,1,2
1710.0,1850.0,-140.0,0.0,0.33,-0.33,0,0,0,6.001153846153846,9.121538461538462,-3.1203846153846158,1,0
2140.0,1760.0,380.0,0.67,0.0,0.67,1,0,1,9.739230769230769,6.701538461538462,3.037692307692307,1,1
2180.0,1660.0,520.0,1.0,0.0,1.0,2,0,2,9.717307692307692,6.035,3.682307692307692,1,1
1840.0,1750.0,90.0,0.67,0.33,0.34,0,0,0,9.64076923076923,8.043076923076923,1.5976923076923075,1,1
2120.0,1780.0,340.0,1.0,0.5,0.5,3,0,3,9.708076923076923,7.785,1.9230769230769234,1,1
1690.0,1780.0,-90.0,0.0,0.5,-0.5,0,0,0,6.010769230769231,7.485769230769231,-1.4749999999999996,1,0
2080.0,1690.0,390.0,0.5,0.0,0.5,0,0,0,9.02076923076923,6.0600000000000005,2.9607692307692304,1,1
2080.0,1830.0,250.0,0.5,0.5,0.0,1,0,1,8.685,8.509615384615385,0.17538461538461547,1,2
1690.0,1910.0,-220.0,0.0,0.5,-0.5,0,0,0,6.078076923076923,7.631923076923077,-1.5538461538461545,1,0
1800.0,2020.0,-220.0,0.33,0.67,-0.34,0,0,0,9.12346153846154,9.796923076923077,-0.6734615384615381,0,0
1750.0,2140.0,-390.0,0.33,0.67,-0.34,0,5,-5,7.341923076923076,9.793461538461539,-2.4515384615384628,1,0
2020.0,1660.0,360.0,0.67,0.0,0.67,0,0,0,9.776153846153846,6.056538461538461,3.719615384615385,1,1
1800.0,1800.0,0.0,0.33,0.33,0.0,0,0,0,8.064230769230768,8.296538461538463,-0.23230769230769432,1,2
1800.0,2090.0,-290.0,0.33,0.67,-0.34,0,2,-2,8.311153846153847,9.792692307692308,-1.4815384615384612,1,1
1980.0,1800.0,180.0,0.33,0.33,0.0,0,0,0,9.423461538461538,8.37076923076923,1.0526923076923076,1,2
1660.0,2140.0,-480.0,0.0,0.67,-0.67,0,0,0,5.924615384615384,9.733846153846155,-3.809230769230771,1,0
1850.0,1810.0,40.0,0.33,0.0,0.33,0,0,0,9.121538461538462,7.837307692307693,1.2842307692307688,1,2
1710.0,1980.0,-270.0,0.0,0.33,-0.33,0,0,0,6.001153846153846,9.437692307692307,-3.4365384615384613,1,0
1890.0,2140.0,-250.0,0.0,0.67,-0.67,2,1,1,7.111923076923077,9.739230769230769,-2.627307692307692,1,0
1840.0,2180.0,-340.0,0.67,1.0,-0.32999999999999996,0,2,-2,9.64076923076923,9.717307692307692,-0.07653846153846189,1,0
1750.0,1660.0,90.0,0.33,0.0,0.33,0,0,0,8.043076923076923,6.035,2.0080769230769224,1,1
1780.0,1780.0,0.0,0.5,0.5,0.0,0,0,0,7.485769230769231,7.785,-0.2992307692307694,1,2
1690.0,2120.0,-430.0,0.0,1.0,-1.0,0,3,-3,6.010769230769231,9.708076923076923,-3.6973076923076924,1,0
2000.0,2080.0,-80.0,1.0,0.5,0.5,0,0,0,9.767692307692307,9.02076923076923,0.7469230769230766,1,2
1690.0,2080.0,-390.0,0.0,0.5,-0.5,0,1,-1,6.078076923076923,8.685,-2.606923076923078,1,0
1910.0,1830.0,80.0,0.5,0.5,0.0,0,0,0,7.631923076923077,8.509615384615385,-0.8776923076923078,1,1
1800.0,1800.0,0.0,0.33,0.33,0.0,0,0,0,8.153461538461539,9.12346153846154,-0.9700000000000006,1,0
2140.0,1980.0,160.0,0.67,0.33,0.34,5,0,5,9.793461538461539,9.423461538461538,0.370000000000001,1,1
2090.0,1800.0,290.0,0.67,0.33,0.34,2,0,2,9.792692307692308,8.064230769230768,1.7284615384615396,1,2
2140.0,2020.0,120.0,0.67,0.67,0.0,0,0,0,9.733846153846155,9.776153846153846,-0.04230769230769127,1,2
2180.0,1800.0,380.0,1.0,0.33,0.6699999999999999,2,0,2,9.717307692307692,8.37076923076923,1.3465384615384615,1,2
2060.0,1800.0,260.0,1.0,0.33,0.6699999999999999,0,0,0,9.73423076923077,8.311153846153847,1.4230769230769234,0,2
1980.0,1750.0,230.0,0.33,0.33,0.0,0,0,0,9.437692307692307,8.043076923076923,1.3946153846153848,1,2
2140.0,1780.0,360.0,0.67,0.5,0.17000000000000004,1,0,1,9.739230769230769,7.785,1.9542307692307688,1,2
2080.0,1910.0,170.0,0.5,0.5,0.0,0,0,0,9.02076923076923,7.631923076923077,1.3888461538461536,1,2
2020.0,1780.0,240.0,0.67,0.5,0.17000000000000004,0,0,0,9.796923076923077,7.485769230769231,2.3111538461538466,1,2
1800.0,1850.0,-50.0,0.33,0.33,0.0,0,0,0,8.296538461538463,9.121538461538462,-0.8249999999999993,1,2
2000.0,1830.0,170.0,1.0,0.5,0.5,0,0,0,9.767692307692307,8.509615384615385,1.2580769230769224,1,2
1800.0,2020.0,-220.0,0.33,0.67,-0.34,0,0,0,9.12346153846154,9.776153846153846,-0.6526923076923072,1,2
